id,name_short,name,type,sex,origin,genre,language,year,tracks,second_year
40,40,40,1,2,7,99,99,99,99,99
divi,divi,÷ by Ed Sheeran,2,55,55,1,1,2017,12,2018
19by,19by,19 by Adele,2,55,55,12,1,2011,12,55
1989,1989,1989 by Taylor Swift,2,55,55,1,1,2014,13,2015
21by,21by,21 by Adele,2,55,55,1,1,2011,12,2012
KMag,KMag,24K Magic,2,55,55,7,1,2016,9,2017
25,25,25 by Adele,2,55,55,1,1,2015,11,2017
fiftyCe,fiftyCe,50 Cent,1,2,2,99,99,99,99,99
fivextwenty,fivextwenty,5x20 All the BEST!! 1999-2019 by ARASHI,2,55,55,14,6,2019,67,55
seventhA,seventhA,7th Avenue,1,99,99,99,99,99,99,99
Wonder,Wonder,9th Wonder,1,2,2,99,99,99,99,99
Aboo,Aboo,A Boogie wit da Hoodie,1,2,2,99,99,99,99,99
Ahea,Ahea,A head full of dreams by Coldplay,2,55,55,1,1,2015,12,2017
Apen,Apen,A Pentatonix Chrismas by Pentatonix,2,55,55,13,1,2016,11,55
ASta,ASta,A Star is Born OST by Lady Gaga & Bradley Cooper,2,55,55,1,1,2018,18,2019
AStr,AStr,A Strut,1,2,9,99,99,99,99,99
AKJa,AKJa,A.K.Janeway,1,99,99,99,99,99,99,99
Aali,Aali,Aalias,1,2,2,99,99,99,99,99
AaronD,AaronD,Aaron Dessner,1,2,2,99,99,99,99,99
AaronP,AaronP,Aaron Pearce,1,2,99,99,99,99,99,99
AaronR,AaronR,Aaron Raitiere,1,2,2,99,99,99,99,99
Abbe,Abbe,Abbey Road by The Beatles,2,55,55,4,1,2019,17,55
AdRo,AdRo,Ad-Rock,1,2,2,99,99,99,99,99
AdamB,AdamB,Adam Baptiste,1,2,9,99,99,99,99,99
AdCa,AdCa,Adam Cayton,1,2,10,99,99,99,99,99
Adam,Adam,Adam Martin,1,2,8,99,99,99,99,99
AdamM,AdamM,Adam Messinger,1,2,7,99,99,99,99,99
Adel,Adel,Adele,1,1,1,99,99,99,99,99
ADNL,ADNL,ADN Lewis,1,2,2,99,99,99,99,99
Adon,Adon,Adonis,1,2,2,99,99,99,99,99
ADOR,ADOR,ADORA,1,1,10,99,99,99,99,99
Adri,Adri,Adrienne Anderson,1,1,2,99,99,99,99,99
Afte,Afte,After Hours by The Weeknd,2,55,55,7,1,2020,14,55
AhnB,AhnB,Ahn Bok-jin,1,99,99,99,99,99,99,99
Aion,Aion,Aion Clarke,1,99,99,99,99,99,99,99
AJJu,AJJu,AJ Junior,1,2,9,99,99,99,99,99
AlDa,AlDa,Al Darwish,1,2,10,99,99,99,99,99
AlanC,AlanC,Alan Chang,1,2,2,99,99,99,99,99
Alan,Alan,Alan Lomax,1,99,99,99,99,99,99,99
AlMa,AlMa,Alan Merrill,1,2,2,99,99,99,99,99
AlanP,AlanP,Alan Parsons,1,2,1,99,99,99,99,99
AlHa,AlHa,Alana Haim,1,1,2,99,99,99,99,99
Albe,Albe,Albert Winkler,1,2,99,99,99,99,99,99
Albi,Albi,Albin Nedler,1,2,9,99,99,99,99,99
Alexda,Alexda,Alex da Kid,1,2,1,99,99,99,99,99
AlexDel,AlexDel,Alex Delicata,1,2,2,99,99,99,99,99
AlexDez,AlexDez,Alex Dezen,1,2,2,99,99,99,99,99
AlSa,AlSa,Alex Salibian,1,2,2,99,99,99,99,99
AlSo,AlSo,Alex Sowinski,1,2,7,99,99,99,99,99
Alexa,Alexa,Alexander Gowers,1,2,99,99,99,99,99,99
Alex,Alex,Alexander Karlsson,1,2,9,99,99,99,99,99
Alexe,Alexe,Alexej Viktorovitch,1,2,9,99,99,99,99,99
AliK,AliK,Ali Kocatepe,1,2,99,99,99,99,99,99
AliP,AliP,Ali Payami,1,2,10,99,99,99,99,99
AlTa,AlTa,Ali Tamposi,1,1,2,99,99,99,99,99
Alic,Alic,Alice and the Glass Lake,1,1,2,99,99,99,99,99
AlKe,AlKe,Alicia Keys,1,1,2,99,99,99,99,99
Alja,Alja,Alja Jackson,1,1,99,99,99,99,99,99
Alle,Alle,Allen Ritter,1,2,2,99,99,99,99,99
Alli,Alli,Allie X,1,1,7,99,99,99,99,99
AlKa,AlKa,Allison Kaplan,1,1,2,99,99,99,99,99
Amad,Amad,Amadeus,1,2,2,99,99,99,99,99
Aman,Aman,Amanda Ghost,1,1,1,99,99,99,99,99
AMcB,AMcB,Amanda McBroom,1,1,2,99,99,99,99,99
Amir,Amir,Amir Amor,1,2,1,99,99,99,99,99
Amit,Amit,Amit Duvdevani,1,2,10,99,99,99,99,99
Amma,Amma,Ammar Malik,1,2,2,99,99,99,99,99
Ammo,Ammo,Ammo,1,2,2,99,99,99,99,99
AmyA,AmyA,Amy Allen,1,1,2,99,99,99,99,99
AmyFo,AmyFo,Amy Foster-Gillies,1,1,7,99,99,99,99,99
AmyW,AmyW,Amy Wadge,1,1,1,99,99,99,99,99
Ande,Ande,Anders Dannvik,1,2,9,99,99,99,99,99
Ander,Ander,Anders Wikström,1,2,9,99,99,99,99,99
Andre3,Andre3,André 3000,1,2,2,99,99,99,99,99
AnBr,AnBr,Andre Brown,1,2,2,99,99,99,99,99
AndreL,AndreL,Andre Lindal,1,2,10,99,99,99,99,99
Andr,Andr,Andreas Johansson,1,2,9,99,99,99,99,99
AndrewCa,AndrewCa,Andrew Canton,1,2,2,99,99,99,99,99
AndrewF,AndrewF,Andrew Farriss,1,2,10,99,99,99,99,99
AndrewH,AndrewH,Andrew Haas,1,99,2,99,99,99,99,99
AndrewHa,AndrewHa,Andrew Harr,1,2,2,99,99,99,99,99
AnJa,AnJa,Andrew Jackson,1,2,1,99,99,99,99,99
AnTa,AnTa,Andrew Taggart,1,2,2,99,99,99,99,99
AndrewT,AndrewT,Andrew Thomas,1,99,99,99,99,99,99,99
AndrewTo,AndrewTo,Andrew Tolman,1,2,2,99,99,99,99,99
AndrewWy,AndrewWy,Andrew Wyatt,1,2,2,99,99,99,99,99
AnLo,AnLo,Angel López,1,2,2,99,99,99,99,99
AngusY,AngusY,Angus Young,1,2,1,99,99,99,99,99
Anju,Anju,Anjulie,1,1,7,99,99,99,99,99
AnWi,AnWi,Anna Wise,1,1,2,99,99,99,99,99
Anne,Anne,Anne Dudley,1,1,1,99,99,99,99,99
AnWe,AnWe,Annika Wells,1,1,2,99,99,99,99,99
Antho,Antho,Anthoine Walters,1,99,99,99,99,99,99,99
AnthonyB,AnthonyB,Anthony Best,1,2,2,99,99,99,99,99
AnthonyF,AnthonyF,Anthony Fields,1,2,8,99,99,99,99,99
AnthonyM,AnthonyM,Anthony Moore,1,2,1,99,99,99,99,99
AnthonyR,AnthonyR,Anthony Rossomando,1,2,2,99,99,99,99,99
AnAr,AnAr,Antonina Armato,1,1,2,99,99,99,99,99
AntonioD,AntonioD,Antonio Dixon,1,2,2,99,99,99,99,99
AntonioR,AntonioR,Antonio Randolph,1,99,99,99,99,99,99,99
Aqua,Aqua,Aquaman,1,99,99,99,99,99,99,99
Arab,Arab,Arabian Prince,1,2,2,99,99,99,99,99
ARAS,ARAS,ARASHI,1,2,10,99,99,99,99,99
AriLe,AriLe,Ari Levine,1,2,2,99,99,99,99,99
Aria,Aria,Ariana Grande,1,1,2,99,99,99,99,99
ArRe,ArRe,Ariel Rechtshaid,1,2,2,99,99,99,99,99
Arst,Arst,Arston,1,2,10,99,99,99,99,99
ArtNe,ArtNe,Art Neville,1,2,2,99,99,99,99,99
ArtP,ArtP,Artpop by Lady Gaga,2,55,55,1,1,2013,15,55
AshleyB,AshleyB,Ashley Boyd,1,99,99,99,99,99,99,99
AshleyJ,AshleyJ,Ashley Joi Sadler,1,1,99,99,99,99,99,99
AshF,AshF,Ashton Foster,1,1,2,99,99,99,99,99
ASIL,ASIL,ASIL (JPN),1,99,99,99,99,99,99,99
Audi,Audi,Audien,1,2,2,99,99,99,99,99
AUGU,AUGU,AUGUST 08,1,2,2,99,99,99,99,99
Augus,Augus,August Rigo,1,2,7,99,99,99,99,99
Avey,Avey,Avey Tare,1,2,2,99,99,99,99,99
Avic,Avic,Avicii,1,2,9,99,99,99,99,99
Avri,Avri,Avril Lavigne,1,1,7,99,99,99,99,99
Axel,Axel,Axel Morgan (Singer),1,2,99,99,99,99,99,99
AyoT,AyoT,Ayo The Producer,1,2,2,99,99,99,99,99
Ayum,Ayum,Ayumi Miyazaki,1,2,10,99,99,99,99,99
B.o.B,B.o.B,B.o.B,1,2,2,99,99,99,99,99
Babe,Babe,Babel by Mumford & Sons,2,55,55,5,1,2012,12,55
Baby,Baby,Babyface,1,2,2,99,99,99,99,99
Bach,Bach,Bacharach & David,1,99,99,99,99,99,99,99
Back,Back,Backpack,1,2,2,99,99,99,99,99
Bang,Bang,Bangladesh,1,2,2,99,99,99,99,99
Bard,Bard,Bard McNamee,1,2,2,99,99,99,99,99
Bari,Bari,Baria Qureshi,1,1,1,99,99,99,99,99
Barn,Barn,Barney Freeman,1,2,99,99,99,99,99,99
BarryG,BarryG,Barry Gibb,1,2,1,99,99,99,99,99
Bawh,Bawh,Barry White,1,2,2,99,99,99,99,99
BE,BE,BE by BTS,2,55,55,11,6,2020,8,55
Beat,Beat,BeatGeek,1,99,99,99,99,99,99,99
BeTr,BeTr,Beautiful Trauma by P!nk,2,55,55,1,1,2017,13,2018
Beau,Beau,Beauty behind the madness by the weeknd,2,55,55,1,1,2015,14,55
Bebe,Bebe,Bebe Rexha,1,1,2,99,99,99,99,99
Been,Been,Beenie Man,1,2,10,99,99,99,99,99
Beko,Beko,Bēkon,1,2,2,99,99,99,99,99
Beli,Beli,Believe by Justin Bieber,2,55,55,1,1,2012,13,55
Bell,Bell,Belly,1,2,10,99,99,99,99,99
BenB,BenB,Ben Billions,1,2,99,99,99,99,99,99
BenF,BenF,Ben Fagan,1,2,2,99,99,99,99,99
BenK,BenK,Ben Kohn,1,2,1,99,99,99,99,99
BenLo,BenLo,Ben Lovett,1,2,1,99,99,99,99,99
BenMa,BenMa,Ben Maddahi,1,2,2,99,99,99,99,99
BenMc,BenMc,Ben McKee,1,2,2,99,99,99,99,99
BenV,BenV,Ben Vella,1,99,99,99,99,99,99,99
BenWe,BenWe,Ben West,1,2,2,99,99,99,99,99
Beng,Beng,Bengy Gibson,1,2,2,99,99,99,99,99
BePa,BePa,Benj Pasek,1,2,2,99,99,99,99,99
BeAn,BeAn,Benny Andersson,1,2,9,99,99,99,99,99
benn,benn,benny blanco,1,2,2,99,99,99,99,99
Bern,Bern,Bernie Taupin,1,2,1,99,99,99,99,99
Berr,Berr,Berry Gordy,1,2,2,99,99,99,99,99
BertK,BertK,Bert Kalmar,1,2,2,99,99,99,99,99
Beyonc,Beyonc,Beyoncé,1,1,2,99,99,99,99,99
Beyo,Beyo,Beyoncé by Beyoncé,2,55,55,7,1,2013,14,55
BigB,BigB,Big Boi,1,2,2,99,99,99,99,99
BigS,BigS,Big Sean,1,2,2,99,99,99,99,99
BigT,BigT,Big Taste,1,2,99,99,99,99,99,99
BiCu,BiCu,Bill Curtis,1,2,2,99,99,99,99,99
Billie,Billie,Billie Eilish,1,1,2,99,99,99,99,99
BillyHa,BillyHa,Billy Hayes,1,2,2,99,99,99,99,99
BillyMa,BillyMa,Billy Mann,1,2,2,99,99,99,99,99
BillySq,BillySq,Billy Squier,1,2,2,99,99,99,99,99
BillyWa,BillyWa,Billy Walsh,1,2,2,99,99,99,99,99
Bing,Bing,Bing Crosby,1,2,2,99,99,99,99,99
Bird,Bird,Birdman,1,2,2,99,99,99,99,99
BJKh,BJKh,BJ Khan,1,99,99,99,99,99,99,99
BjUl,BjUl,Björn Ulvaeus,1,2,9,99,99,99,99,99
black,black,blackbear,1,2,2,99,99,99,99,99
Blac,Blac,Blackstar by David Bowie,2,55,55,5,1,2017,7,55
Bloo,Bloo,BloodPop,1,2,2,99,99,99,99,99
Bloods,Bloods,Bloodshy,1,2,9,99,99,99,99,99
BluJ,BluJ,Blu June,1,1,2,99,99,99,99,99
BlueB,BlueB,Blue Bear,1,2,1,99,99,99,99,99
Blue,Blue,Blue u Lonesome by The Rolling Stones,2,55,55,10,1,2016,12,55
Blur,Blur,Blurryface by Twenty One Pilots,2,55,55,5,1,2016,14,55
Blyt,Blyt,Blythe Pepino,1,1,99,99,99,99,99,99
BobBh,BobBh,Bob Bharma,1,2,1,99,99,99,99,99
BobDy,BobDy,Bob Dylan,1,2,2,99,99,99,99,99
BobRo,BobRo,Bob Rock,1,2,7,99,99,99,99,99
Bobb,Bobb,Bobby Chung,1,2,10,99,99,99,99,99
Bobc,Bobc,Bobcat,1,2,2,99,99,99,99,99
Bohe,Bohe,Bohemian Rhapsody: The Original Soundtrack by Queen,2,55,55,4,1,2018,21,2019
Boi1,Boi1,Boi-1da,1,2,10,99,99,99,99,99
BONN,BONN,BONN,1,2,9,99,99,99,99,99
BonnieM,BonnieM,Bonnie McKee,1,1,2,99,99,99,99,99
Bono,Bono,Bono,1,2,10,99,99,99,99,99
BOOT,BOOT,BOOTS,1,2,2,99,99,99,99,99
BoLa,BoLa,Boris Lanneau,1,2,5,99,99,99,99,99
Bori,Bori,Boris Williams,1,2,5,99,99,99,99,99
BornTh,BornTh,Born This Way by Lady Gaga,2,55,55,1,1,2011,14,55
BornTo,BornTo,Born To Die by Lana Del Rey,2,55,55,1,1,2012,12,55
Brad,Brad,Bradley Cooper,1,2,2,99,99,99,99,99
Bram,Bram,Bram Inscore,1,2,2,99,99,99,99,99
Brand,Brand,"Brandon ""Blue"" Hamilton",1,2,2,99,99,99,99,99
Brando,Brando,Brandon Green,1,2,2,99,99,99,99,99
Bran,Bran,Brandy,1,1,2,99,99,99,99,99
BrGr,BrGr,Brendan Grieve,1,2,1,99,99,99,99,99
Bren,Bren,Brendon Urie,1,2,2,99,99,99,99,99
Bret,Bret,Brett James,1,2,99,99,99,99,99,99
Brian,Brian,Brian Alexander Morgan,1,2,2,99,99,99,99,99
Bria,Bria,Brian Chase,1,2,2,99,99,99,99,99
BrianEn,BrianEn,Brian Eno,1,2,1,99,99,99,99,99
BrianKe,BrianKe,Brian Kennedy,1,2,2,99,99,99,99,99
BrianLe,BrianLe,Brian Lee,1,2,2,99,99,99,99,99
BrianMa,BrianMa,Brian Malik Baptiste,1,2,2,99,99,99,99,99
BrianM,BrianM,Brian May,1,2,1,99,99,99,99,99
BrianS,BrianS,Brian Soko,1,2,10,99,99,99,99,99
BrianW,BrianW,Brian West,1,2,7,99,99,99,99,99
Brit,Brit,Brittany Coney,1,1,2,99,99,99,99,99
BrittanyT,BrittanyT,Brittany Tolman,1,1,99,99,99,99,99,99
Broc,Broc,Brock Korsan,1,2,99,99,99,99,99,99
BrBr,BrBr,Brody Brown,1,2,2,99,99,99,99,99
Bruc,Bruc,Bruce Springsteen,1,2,2,99,99,99,99,99
BrMa,BrMa,Bruno Mars,1,2,2,99,99,99,99,99
BryanAd,BryanAd,Bryan Adams,1,2,7,99,99,99,99,99
Brya,Brya,Bryan-Michael Cox,1,2,2,99,99,99,99,99
Buck,Buck,Buck Ram,1,2,2,99,99,99,99,99
Budd,Budd,Buddy Johnson,1,2,2,99,99,99,99,99
Buff,Buff,Buff Love,1,2,2,99,99,99,99,99
BunB,BunB,Bun B,1,2,2,99,99,99,99,99
Burt,Burt,Burt Bacharach,1,2,2,99,99,99,99,99
busb,busb,busbee,1,2,2,99,99,99,99,99
Bust,Bust,Busta Rhymes,1,2,2,99,99,99,99,99
Butc,Butc,Butch Walker,1,2,2,99,99,99,99,99
CCar,CCar,C. Carson Parks,1,2,2,99,99,99,99,99
Cait,Cait,Caitlyn Smith,1,1,2,99,99,99,99,99
Calv,Calv,Calvin Harris,1,2,1,99,99,99,99,99
Cam,Cam,Cam,1,1,2,99,99,99,99,99
Came,Came,Camela Leierth,1,1,9,99,99,99,99,99
Camil,Camil,Camila Cabello,1,1,10,99,99,99,99,99
Cami,Cami,Camilla Anne Stewart,1,99,99,99,99,99,99,99
Cand,Cand,Candace Sosa,1,1,2,99,99,99,99,99
Candi,Candi,Candice Pillay,1,1,10,99,99,99,99,99
CaFi,CaFi,Canei Finch,1,2,2,99,99,99,99,99
Cardi,Cardi,Cardi B,1,1,2,99,99,99,99,99
Cardia,Cardia,Cardiak,1,2,2,99,99,99,99,99
Cardo,Cardo,Cardo,1,2,2,99,99,99,99,99
CAGM,CAGM,"Carl ""Groove"" Martin",1,2,2,99,99,99,99,99
CarlF,CarlF,Carl Falk,1,2,9,99,99,99,99,99
CarlM,CarlM,Carl Marshall,1,99,99,99,99,99,99,99
CarlR,CarlR,Carl Rosen,1,2,2,99,99,99,99,99
CarlT,CarlT,Carl Thompson,1,99,99,99,99,99,99,99
Carla,Carla,Carla Marie,1,99,99,99,99,99,99,99
Caro,Caro,Caroline Ailin,1,1,10,99,99,99,99,99
CarolinePo,CarolinePo,Caroline Polachek,1,1,2,99,99,99,99,99
CarolynLe,CarolynLe,Carolyn Leigh,1,1,2,99,99,99,99,99
Cart,Cart,Carter Lang,1,2,99,99,99,99,99,99
CatD,CatD,Cat Daddy Ro,1,99,99,99,99,99,99,99
Caut,Caut,Cautious Clay,1,2,2,99,99,99,99,99
Cazz,Cazz,Cazzi Opeia,1,1,9,99,99,99,99,99
Chanc,Chanc,Chance the Rapper,1,2,2,99,99,99,99,99
Chan,Chan,Changes by Justin Bieber,2,55,55,7,1,2020,16,55
ChBr,ChBr,Charles Bradley,1,2,2,99,99,99,99,99
CharlesS,CharlesS,Charles Still,1,2,2,99,99,99,99,99
ChJP,ChJP,Charlie J. Perry,1,2,1,99,99,99,99,99
CheP,CheP,Che Pope,1,99,99,99,99,99,99,99
Chec,Chec,Cheche Alara,1,2,10,99,99,99,99,99
Chel,Chel,Chelcee Grimes,1,1,1,99,99,99,99,99
ChHa,ChHa,Chester Hansen,1,2,7,99,99,99,99,99
CHIME,CHIME,CHI-MEY (JPN),1,2,99,99,99,99,99,99
ChillyG,ChillyG,Chilly Gonzales,1,2,7,99,99,99,99,99
Chim,Chim,Chimey,1,99,99,99,99,99,99,99
ChIn,ChIn,Chin Injeti,1,2,10,99,99,99,99,99
ChrisBra,ChrisBra,Chris Braide,1,2,1,99,99,99,99,99
ChrisBro,ChrisBro,Chris Brown,1,2,2,99,99,99,99,99
ChrisCas,ChrisCas,Chris Caswell,1,2,2,99,99,99,99,99
Chri,Chri,Chris Gelbuda,1,2,2,99,99,99,99,99
ChrisGod,ChrisGod,Chris Godbey,1,2,2,99,99,99,99,99
ChrisIv,ChrisIv,Chris Ivery,1,2,2,99,99,99,99,99
ChrisJa,ChrisJa,Chris James,1,2,3,99,99,99,99,99
ChrisJ,ChrisJ,Chris Janey,1,99,99,99,99,99,99,99
ChrisM,ChrisM,Chris Martin,1,2,1,99,99,99,99,99
ChrisS,ChrisS,Chris Stapleton,1,2,2,99,99,99,99,99
ChristianL,ChristianL,Christian Lorenz,1,2,3,99,99,99,99,99
ChMe,ChMe,Christian Medice,1,2,2,99,99,99,99,99
Christ,Christ,Christmas by Michael Bublé,2,55,55,13,1,2011,19,55
Chris,Chris,Christofer Erixon,1,2,9,99,99,99,99,99
Christo,Christo,Christoph Schneider,1,2,3,99,99,99,99,99
ChrisBec,ChrisBec,Christophe Beck,1,2,7,99,99,99,99,99
ChuckB,ChuckB,Chuck Berry,1,2,2,99,99,99,99,99
ChuckyT,ChuckyT,Chucky Thompson,1,2,2,99,99,99,99,99
Cirk,Cirk,Cirkut,1,2,7,99,99,99,99,99
Clar,Clar,Clarence Coffee Jr.,1,2,2,99,99,99,99,99
Clau,Clau,Claude Kelly,1,2,2,99,99,99,99,99
Clay,Clay,Clay Wells Holley,1,2,99,99,99,99,99,99
ClSm,ClSm,Claydes Smith,1,2,2,99,99,99,99,99
Clev,Clev,Clever,1,2,2,99,99,99,99,99
ClintBa,ClintBa,Clint Ballard,1,2,2,99,99,99,99,99
Clin,Clin,Clinton Sparks,1,2,2,99,99,99,99,99
Clyd,Clyd,Clyde Kelly,1,2,2,99,99,99,99,99
CoMa,CoMa,Conor Maynard,1,2,1,99,99,99,99,99
Cool,Cool,Cool,1,2,2,99,99,99,99,99
Core,Core,Corey Gibson,1,2,99,99,99,99,99,99
Cory,Cory,Cory Gunz,1,2,2,99,99,99,99,99
Cosm,Cosm,Cosmo's Midnight,1,2,10,99,99,99,99,99
Cour,Cour,Courtney Sills,1,2,2,99,99,99,99,99
CoyP,CoyP,Coy Poe,1,2,2,99,99,99,99,99
Crai,Crai,Craig Harrisingh,1,2,99,99,99,99,99,99
Craz,Craz,Crazy J,1,99,99,99,99,99,99,99
Crys,Crys,Crystal Nicole,1,1,2,99,99,99,99,99
Curt,Curt,Curtis ‘Sauce‘ Wilson,1,2,99,99,99,99,99,99
CVRE,CVRE,CVRE,1,2,7,99,99,99,99,99
CyCo,CyCo,Cy Coleman,1,2,2,99,99,99,99,99
Cyri,Cyri,Cyril Neville,1,2,2,99,99,99,99,99
DMC,DMC,D.M.C.,1,2,2,99,99,99,99,99
DaBa,DaBa,DaBaby,1,2,2,99,99,99,99,99
DaTo,DaTo,Dado Topić,1,2,10,99,99,99,99,99
DaHe,DaHe,DaHeala,1,2,7,99,99,99,99,99
DaWa,DaWa,Dale Warren,1,2,2,99,99,99,99,99
Dami,Dami,Damian Marley,1,2,10,99,99,99,99,99
DMcK,DMcK,Damian McKee,1,2,1,99,99,99,99,99
DAMN,DAMN,DAMN! by Kendrick Lamar,2,55,55,2,1,2017,14,55
DamonT,DamonT,Damon Thomas,1,2,2,99,99,99,99,99
DamonY,DamonY,Damon Yul „Kool Rock-Ski“ Wimbley,1,2,99,99,99,99,99,99
DaBr,DaBr,Dan Bryer,1,2,1,99,99,99,99,99
DanHe,DanHe,Dan Heath,1,2,99,99,99,99,99,99
DanKa,DanKa,Dan Kanter,1,2,7,99,99,99,99,99
DaPr,DaPr,Dan Priddy,1,2,1,99,99,99,99,99
DanRe,DanRe,Dan Reynolds,1,2,2,99,99,99,99,99
DanWi,DanWi,Dan Wilson,1,2,2,99,99,99,99,99
Dang,Dang,Danger Mouse,1,2,2,99,99,99,99,99
DaniaMaBi,DaniaMaBi,Dania Maria Birks,1,1,2,99,99,99,99,99
DanielB,DanielB,Daniel Bryer,1,2,1,99,99,99,99,99
DanielC,DanielC,Daniel Caesar (of Caesar & Loui),1,2,7,99,99,99,99,99
DanielD,DanielD,Daniel Daley,1,2,7,99,99,99,99,99
DanielPl,DanielPl,Daniel Platzman,1,2,2,99,99,99,99,99
DaHa,DaHa,Danielle Haim,1,1,2,99,99,99,99,99
dank,dank,danke (lalala studio),1,2,10,99,99,99,99,99
DannyE,DannyE,Danny Elfman,1,2,2,99,99,99,99,99
DannyJo,DannyJo,Danny Jones,1,2,1,99,99,99,99,99
DannyW,DannyW,Danny Wilson,1,2,1,99,99,99,99,99
Dann,Dann,DannyBoyStyles,1,2,2,99,99,99,99,99
DarrenB,DarrenB,Darren Black,1,2,1,99,99,99,99,99
DarrenR,DarrenR,Darren Robinson,1,2,99,99,99,99,99,99
DaPe,DaPe,Darryl Pearson,1,2,2,99,99,99,99,99
DarylBr,DarylBr,Daryl Braithwaite,1,2,8,99,99,99,99,99
Dave,Dave,Dave,1,2,1,99,99,99,99,99
DaveG,DaveG,Dave Goode,1,2,99,99,99,99,99,99
DaGu,DaGu,Dave Guy,1,2,2,99,99,99,99,99
DaveO,DaveO,Dave Okumu,1,2,10,99,99,99,99,99
DaveR,DaveR,Dave Rodriguez,1,99,99,99,99,99,99,99
DavidB,DavidB,David Biral,1,2,1,99,99,99,99,99
DavidBo,DavidBo,David Bowie,1,2,1,99,99,99,99,99
DavidBr,DavidBr,David Brook,1,99,99,99,99,99,99,99
DaBy,DaBy,David Byron,1,2,1,99,99,99,99,99
DavidC,DavidC,David Carty,1,2,99,99,99,99,99,99
DavidFo,DavidFo,David Foster,1,2,7,99,99,99,99,99
DavidGi,DavidGi,David Gilmour,1,2,1,99,99,99,99,99
DavidGu,DavidGu,David Guetta,1,2,5,99,99,99,99,99
DavidH,DavidH,David Harrisingh,1,2,99,99,99,99,99,99
DavidSc,DavidSc,David Schuler,1,2,2,99,99,99,99,99
DavidSn,DavidSn,David Sneddon,1,2,1,99,99,99,99,99
DavidS,DavidS,David Stewart,1,2,1,99,99,99,99,99
Daxz,Daxz,Daxz,1,99,99,99,99,99,99,99
Dean,Dean,Dean McIntosh,1,99,99,99,99,99,99,99
Deke,Deke,Deke Richards,1,2,2,99,99,99,99,99
DemJ,DemJ,Dem Jointz,1,2,2,99,99,99,99,99
dEnA,dEnA,dEnAun,1,2,2,99,99,99,99,99
Denn,Denn,"Dennis ""Aganee"" Jenkins",1,2,2,99,99,99,99,99
DDTT,DDTT,"Dennis ""D.T."" Thomas",1,2,2,99,99,99,99,99
DennisLu,DennisLu,Dennis Lussier,1,2,2,99,99,99,99,99
Denz,Denz,Denzel Baptiste,1,2,2,99,99,99,99,99
Derr,Derr,Derrick Milano,1,2,2,99,99,99,99,99
Deta,Deta,Detail,1,2,2,99,99,99,99,99
Devi,Devi,Devin Goode,1,2,99,99,99,99,99,99
Devo,Devo,Devonte Hynes,1,2,1,99,99,99,99,99
DiGe,DiGe,Di Genius,1,2,10,99,99,99,99,99
Dian,Dian,Diana Wynter Gordon,1,1,2,99,99,99,99,99
Diane,Diane,Diane Warren,1,1,2,99,99,99,99,99
Dick,Dick,Dick Smith,1,2,2,99,99,99,99,99
Didd,Didd,Diddy,1,2,2,99,99,99,99,99
Digi,Digi,Digital Black,1,99,99,99,99,99,99,99
Dino,Dino,Dino Zisis,1,2,99,99,99,99,99,99
Dipl,Dipl,Diplo,1,2,2,99,99,99,99,99
DJBu,DJBu,DJ Burton,1,2,2,99,99,99,99,99
DJDa,DJDa,DJ Dahi,1,2,2,99,99,99,99,99
DJFa,DJFa,DJ Falcon,1,2,5,99,99,99,99,99
DJKha,DJKha,DJ Khaled,1,2,2,99,99,99,99,99
DJKh,DJKh,DJ Khalil,1,2,2,99,99,99,99,99
DJLo,DJLo,DJ Locksmith,1,2,1,99,99,99,99,99
DJMa,DJMa,DJ Maphorisa,1,2,10,99,99,99,99,99
DJPa,DJPa,DJ Paleface,1,99,99,99,99,99,99,99
DJSn,DJSn,DJ Snake,1,2,5,99,99,99,99,99
DJSw,DJSw,DJ Swivel,1,2,7,99,99,99,99,99
DJWh,DJWh,DJ White Shadow,1,2,2,99,99,99,99,99
DocP,DocP,Doc Pomus,1,2,2,99,99,99,99,99
DOCS,DOCS,DOCSKIM,1,2,10,99,99,99,99,99
DORi,DORi,Dolores O’Riordan,1,1,10,99,99,99,99,99
Domi,Domi,Dominic Jordan,1,2,2,99,99,99,99,99
DDRo,DDRo,Don D. Robey,1,2,2,99,99,99,99,99
Dona,Dona,Donald Dennis,1,99,99,99,99,99,99,99
DooW,DooW,Doo-Wops & Hooligans by Bruno Mars,2,55,55,1,1,2011,10,55
DougEF,DougEF,Doug E. Fresh,1,2,2,99,99,99,99,99
DougiePo,DougiePo,Dougie Poynter,1,2,1,99,99,99,99,99
Dove,Dove,Doveman,1,2,2,99,99,99,99,99
DDre,DDre,Dr. Dre,1,2,2,99,99,99,99,99
Dr.Lu,Dr.Lu,Dr. Luke,1,2,2,99,99,99,99,99
Drak,Drak,Drake,1,2,7,99,99,99,99,99
Dre,Dre,Dre,1,2,2,99,99,99,99,99
DreM,DreM,Dre Moon,1,2,2,99,99,99,99,99
DreS,DreS,Dre Skull,1,2,2,99,99,99,99,99
DuaL,DuaL,Dua Lipa,1,1,1,99,99,99,99,99
DVLP,DVLP,DVLP,1,2,2,99,99,99,99,99
DwSi,DwSi,Dwayne Simon,1,2,2,99,99,99,99,99
Dyce,Dyce,Dyce Taylor,1,99,99,99,99,99,99,99
DYSO,DYSO,DYSON,1,1,1,99,99,99,99,99
EaMu,EaMu,Eamon Murray,1,2,1,99,99,99,99,99
EaSh,EaSh,Earl Shelton,1,2,2,99,99,99,99,99
Eben,Eben,Eben Wares,1,2,99,99,99,99,99,99
EdDr,EdDr,Ed Drewett,1,2,1,99,99,99,99,99
EdSh,EdSh,Ed Sheeran,1,2,1,99,99,99,99,99
Eddi,Eddi,"Eddie ""Krack Keys"" Montilla",1,2,2,99,99,99,99,99
Eddie,Eddie,Eddie Taylor,1,2,2,99,99,99,99,99
Edga,Edga,Edgar Key,1,99,99,99,99,99,99,99
Edit,Edit,Edith Piaf,1,1,5,99,99,99,99,99
EgWh,EgWh,Eg White,1,2,1,99,99,99,99,99
ELCA,ELCA,EL CAPITXN,1,2,10,99,99,99,99,99
Elij,Elij,Elijah Blake,1,2,10,99,99,99,99,99
Ella,Ella,Ella Mai,1,1,1,99,99,99,99,99
Elle,Elle,Ellen Berg,1,1,9,99,99,99,99,99
Ellie,Ellie,Ellie Greenwich,1,1,2,99,99,99,99,99
Ellis,Ellis,Ellis Miah,1,2,2,99,99,99,99,99
Elof,Elof,Elof Loelv,1,2,9,99,99,99,99,99
Eloh,Eloh,Elohim,1,1,2,99,99,99,99,99
Elto,Elto,Elton John,1,2,1,99,99,99,99,99
Eltv,Eltv,Eltvo,1,99,99,99,99,99,99,99
ElvinBi,ElvinBi,Elvin Bishop,1,2,2,99,99,99,99,99
ElvinSm,ElvinSm,Elvin Smith,1,2,1,99,99,99,99,99
EmeliSa,EmeliSa,Emeli Sandé,1,1,1,99,99,99,99,99
EmHa,EmHa,Emile Haynie,1,2,2,99,99,99,99,99
Emily,Emily,Emily Warren,1,1,2,99,99,99,99,99
Emil,Emil,Emily Weisband,1,1,2,99,99,99,99,99
Emin,Emin,Eminem,1,2,2,99,99,99,99,99
Erez,Erez,Erez Eisen,1,2,10,99,99,99,99,99
EricBe,EricBe,Eric Bellinger,1,2,2,99,99,99,99,99
EricCa,EricCa,Eric Carmen,1,2,2,99,99,99,99,99
EricDa,EricDa,Eric Dawkins,1,2,2,99,99,99,99,99
ErMc,ErMc,Eric McIntosh,1,2,2,99,99,99,99,99
EricSt,EricSt,Eric Stewart,1,2,1,99,99,99,99,99
EricWo,EricWo,Eric Woolfson,1,2,1,99,99,99,99,99
ErSe,ErSe,Erick Sermon,1,2,2,99,99,99,99,99
ErAl,ErAl,Erik Alcock,1,2,7,99,99,99,99,99
ErBo,ErBo,Erik Bodin,1,2,9,99,99,99,99,99
ErikRe,ErikRe,Erik Reyes-Ortiz,1,2,2,99,99,99,99,99
Erne,Erne,Ernest Clark,1,2,2,99,99,99,99,99
Erro,Erro,Errol Reid,1,99,99,99,99,99,99,99
Eske,Eske,Eskeerdo,1,2,2,99,99,99,99,99
Este,Este,Ester Dean,1,1,2,99,99,99,99,99
Etta,Etta,Etta Zelmani,1,1,9,99,99,99,99,99
Euge,Euge,Eugene Record,1,2,2,99,99,99,99,99
Ewar,Ewar,Ewart Abner,1,2,2,99,99,99,99,99
Ezra,Ezra,Ezra Koenig,1,2,2,99,99,99,99,99
FuT,FuT,F&T,1,99,99,99,99,99,99,99
Fait,Fait,Faith Evans,1,1,2,99,99,99,99,99
Fall,Fall,Fallin' Dild,1,99,99,99,99,99,99,99
Fars,Fars,Farsi,1,99,99,99,99,99,99,99
Fath,Fath,Father John Misty,1,2,2,99,99,99,99,99
Feli,Feli,Felix Bernard,1,2,2,99,99,99,99,99
Fern,Fern,Fernando Garibay,1,2,2,99,99,99,99,99
Fift,Fift,Fifty Shades of grey by various artists,2,55,55,12,1,2015,16,55
Fine,Fine,Fine Line by Harry Styles,2,55,55,1,1,2020,12,55
FINN,FINN,FINNEAS,1,2,2,99,99,99,99,99
Fion,Fion,Fiona Bevan,1,1,1,99,99,99,99,99
Flip,Flip,Flippa,1,2,99,99,99,99,99,99
Fluk,Fluk,Flukes,1,99,99,99,99,99,99,99
folk,folk,folklore by Taylor Swift,2,55,55,5,1,2020,16,55
Fonc,Fonc,Fonce Mizell,1,2,2,99,99,99,99,99
Four,Four,Four by One Direction,2,55,55,1,1,2014,12,55
FoVa,FoVa,Foy Vance,1,2,1,99,99,99,99,99
Franc,Franc,Frances,1,1,1,99,99,99,99,99
Franco,Franco,François De Roubaix,1,2,5,99,99,99,99,99
FrankD,FrankD,Frank Dukes,1,2,7,99,99,99,99,99
FrankL,FrankL,Frank Loesser,1,2,2,99,99,99,99,99
FrankOc,FrankOc,Frank Ocean,1,2,2,99,99,99,99,99
FrankR,FrankR,Frank Rodgers,1,2,2,99,99,99,99,99
FrankT,FrankT,Frank Tirado,1,99,99,99,99,99,99,99
FranzS,FranzS,Franz Schubert,1,2,10,99,99,99,99,99
FranzX,FranzX,Franz Xaver Gruber,1,2,4,99,99,99,99,99
Fras,Fras,Fraser T. Smith,1,2,1,99,99,99,99,99
Fred,Fred,Fred again,1,2,1,99,99,99,99,99
FredB,FredB,Fred Ball,1,2,10,99,99,99,99,99
FrFa,FrFa,Fred Fairbrass,1,2,1,99,99,99,99,99
FredJ,FredJ,Fred Jerkins III,1,2,2,99,99,99,99,99
Fredd,Fredd,Freddie Mercury,1,2,10,99,99,99,99,99
FreddiePe,FreddiePe,Freddie Perren,1,2,2,99,99,99,99,99
FrCo,FrCo,Frederick Cox,1,2,1,99,99,99,99,99
Fredr,Fredr,"Fredrik ""Figge"" Boström",1,2,9,99,99,99,99,99
Fredri,Fredri,Fredrik Thomander,1,2,9,99,99,99,99,99
FrWa,FrWa,Fredrik Wallin,1,2,9,99,99,99,99,99
FrWr,FrWr,FredWreck,1,2,10,99,99,99,99,99
Freq,Freq,Frequency,1,2,2,99,99,99,99,99
Frod,Frod,Frode Fjellheim,1,2,10,99,99,99,99,99
Froz,Froz,Frozen (Original Motion Picture Soundtrack) by Various Artists,2,55,55,12,1,2014,32,55
Fumi,Fumi,Fumiya Fujii,1,2,10,99,99,99,99,99
Fura,Fura,Furaha,1,99,99,99,99,99,99,99
Future,Future,Future,1,2,2,99,99,99,99,99
Futu,Futu,Future Nostalgia by Dua Lipa,2,55,55,1,1,2020,11,55
Gare,Gare,Gareth McGrillen,1,2,8,99,99,99,99,99
Garl,Garl,Garland Sebastian Mosley,1,2,2,99,99,99,99,99
GarthPo,GarthPo,Garth Porter,1,2,10,99,99,99,99,99
Garu,Garu,Garu Jackson,1,2,2,99,99,99,99,99
GaryLi,GaryLi,Gary Lightbody,1,2,1,99,99,99,99,99
GaDe,GaDe,Gaye Delorme,1,2,7,99,99,99,99,99
GeRe,GeRe,Gene Redd,1,2,2,99,99,99,99,99
Geof,Geof,Geoff Mack,1,2,8,99,99,99,99,99
GeSa,GeSa,Geoffrey Sarubbi,1,2,2,99,99,99,99,99
Geol,Geol,Geologist,1,2,2,99,99,99,99,99
GeorgH,GeorgH,Georg Hólm,1,2,10,99,99,99,99,99
GeBr,GeBr,George Brown,1,2,2,99,99,99,99,99
Geor,Geor,George Harrison,1,2,1,99,99,99,99,99
GNBo,GNBo,George Noah Booth,1,2,1,99,99,99,99,99
GeorgeNo,GeorgeNo,George Nozuka,1,2,2,99,99,99,99,99
GeorgePo,GeorgePo,George Porter Jr,1,2,2,99,99,99,99,99
GeWi,GeWi,George Williams,1,2,2,99,99,99,99,99
Gera,Gera,Gerald Eaton,1,2,10,99,99,99,99,99
Ghos,Ghos,Ghost Stories by Coldplay,2,55,55,1,1,2014,9,55
GHST,GHST,GHSTLOOP,1,99,99,99,99,99,99,99
GianPi,GianPi,Gian Piero Reverberi,1,2,6,99,99,99,99,99
Gigi,Gigi,Gigi (JPN),1,99,99,99,99,99,99,99
GiorgioMo,GiorgioMo,Giorgio Moroder,1,2,6,99,99,99,99,99
GiorgioTu,GiorgioTu,Giorgio Tuinfort,1,2,10,99,99,99,99,99
GIRL,GIRL,GIRLI,1,1,1,99,99,99,99,99
Glad,Glad,Gladius,1,2,99,99,99,99,99,99
Goro,Goro,Goro. T,1,99,99,99,99,99,99,99
Grae,Grae,Graeme Hogg,1,2,1,99,99,99,99,99
Grah,Grah,Graham Edwards,1,2,1,99,99,99,99,99
GrahamGo,GrahamGo,Graham Gouldman,1,2,1,99,99,99,99,99
Gran,Gran,Grandmaster Flash,1,2,2,99,99,99,99,99
GregKu,GregKu,Greg Kurstin,1,2,2,99,99,99,99,99
GregM,GregM,Greg McKee,1,2,2,99,99,99,99,99
GregWe,GregWe,Greg Wells,1,2,7,99,99,99,99,99
Guar,Guar,"Guardians of the Galaxy: Awesome Mix, Vol. 1 by Various Artists",2,55,55,12,1,2014,12,55
Gust,Gust,Gusten Dahlqvist,1,2,9,99,99,99,99,99
GuyB,GuyB,Guy Berryman,1,2,1,99,99,99,99,99
GuyMa,GuyMa,Guy-Manuel de Homem-Christo,1,2,5,99,99,99,99,99
GwenGo,GwenGo,Gwen Gordy Fuqua,1,1,2,99,99,99,99,99
HER,HER,H.E.R.,1,1,2,99,99,99,99,99
HSuz,HSuz,H.Suzuki,1,99,99,99,99,99,99,99
HaWi,HaWi,Håkan Wirenstrand,1,2,9,99,99,99,99,99
HalD,HalD,Hal David,1,2,2,99,99,99,99,99
Hals,Hals,Halsey,1,1,2,99,99,99,99,99
Happ,Happ,Happy Perez,1,2,2,99,99,99,99,99
Hard,Hard,Hardwired…To Self-Destruct,2,55,55,9,1,2016,55,55
HarryRu,HarryRu,Harry Ruby,1,2,2,99,99,99,99,99
HarrySi,HarrySi,Harry Simeone,1,2,2,99,99,99,99,99
HarrySt,HarrySt,Harry Styles,1,2,1,99,99,99,99,99
HaSt,HaSt,Harry Styles by Harry Styles,2,55,55,1,1,2017,10,55
Harr,Harr,Harry Syles,1,2,1,99,99,99,99,99
HARV,HARV,HARV,1,2,2,99,99,99,99,99
Have,Have,Haven Gillespie,1,2,2,99,99,99,99,99
Haze,Haze,HazeBanga,1,2,2,99,99,99,99,99
HenryO,HenryO,Henry Onorati,1,2,99,99,99,99,99,99
Herb,Herb,Herb Rooney J,1,2,2,99,99,99,99,99
Herv,Herv,Hervé,1,2,5,99,99,99,99,99
HIKA,HIKA,HIKARI (JPN),1,2,10,99,99,99,99,99
Hild,Hild,Hilda,1,1,9,99,99,99,99,99
Hill,Hill,Hillary Lindsey,1,1,2,99,99,99,99,99
Hiro,Hiro,Hiroo Ooyagi,1,2,10,99,99,99,99,99
HisN,HisN,Hiss Noise,1,2,10,99,99,99,99,99
HitB,HitB,Hit-Boy,1,2,2,99,99,99,99,99
Hitmaka,Hitmaka,Hitmaka,1,2,2,99,99,99,99,99
hitman,hitman,hitman Bang,1,2,10,99,99,99,99,99
Holl,Holl,Hollywood's Bleeding by Post Malone,2,55,55,2,1,2020,17,55
HoSt,HoSt,Homer Steinweiss,1,2,2,99,99,99,99,99
Howl,Howl,Howlin‘Wolf,1,2,2,99,99,99,99,99
hs,hs,hs (JPN),1,99,99,99,99,99,99,99
Hugh,Hugh,Hugh Martin,1,2,2,99,99,99,99,99
Huma,Huma,Human by Rag 'n' Bone Man,2,55,55,7,1,2017,12,55
Humb,Humb,Humberto Gatica,1,2,10,99,99,99,99,99
Hund,Hund,Hundred Plus,1,99,99,99,99,99,99,99
HYDR,HYDR,HYDRANT (JPN),1,99,99,99,99,99,99,99
HYPE,HYPE,HYPER SLIPPER,1,99,99,99,99,99,99,99
IanF,IanF,Ian Franzino,1,2,2,99,99,99,99,99
IanK,IanK,Ian Kirkpatrick,1,2,10,99,99,99,99,99
Icec,Icec,Icecream drum,1,99,99,99,99,99,99,99
iiSA,iiSA,iiSAK (JPN),1,99,99,99,99,99,99,99
IDaP,IDaP,IllaDaProducer,1,2,2,99,99,99,99,99
Illa,Illa,Illangelo,1,2,7,99,99,99,99,99
Ilse,Ilse,Ilsey,1,1,2,99,99,99,99,99
ILYA,ILYA,ILYA,1,2,9,99,99,99,99,99
Imog,Imog,Imogen Heap,1,1,1,99,99,99,99,99
InTh,InTh,In The Lonely Hour by Sam Smith,2,55,55,1,1,2014,10,2015
InWr,InWr,Ina Wroldsen,1,1,10,99,99,99,99,99
Infa,Infa,Infamous,1,2,2,99,99,99,99,99
Ingr,Ingr,Ingrid,1,99,99,99,99,99,99,99
IrvingB,IrvingB,Irving Berlin,1,2,10,99,99,99,99,99
IrvingW,IrvingW,Irving Wallman,1,99,99,99,99,99,99,99
Ishu,Ishu,Ishu,1,99,99,99,99,99,99,99
Ivan,Ivan,Ivan Jackson,1,2,2,99,99,99,99,99
JHus,JHus,J Hus,1,2,1,99,99,99,99,99
JBo,JBo,J-Bo,1,2,2,99,99,99,99,99
jhop,jhop,j-hope,1,2,10,99,99,99,99,99
JRoc,JRoc,J-Roc,1,2,2,99,99,99,99,99
J.Fre,J.Fre,J. Fred Coots,1,2,2,99,99,99,99,99
JCCh,JCCh,J.C. Chasez,1,2,2,99,99,99,99,99
JTCu,JTCu,J.T. Cure,1,2,2,99,99,99,99,99
JuT,JuT,J&T (JPN),1,2,10,99,99,99,99,99
JaAn,JaAn,Jack Antonoff,1,2,2,99,99,99,99,99
JackW,JackW,Jack White,1,2,2,99,99,99,99,99
Jacknife,Jacknife,Jacknife Lee,1,2,10,99,99,99,99,99
JacobK,JacobK,Jacob Kasher,1,2,2,99,99,99,99,99
JacobL,JacobL,Jacob Luttrell,1,2,99,99,99,99,99,99
Jada,Jada,Jadakiss,1,2,2,99,99,99,99,99
JaSw,JaSw,Jahaan Sweet,1,2,2,99,99,99,99,99
JaHo,JaHo,Jake Hooker,1,2,2,99,99,99,99,99
JaTo,JaTo,Jake Torrey,1,2,2,99,99,99,99,99
JaJe,JaJe,Jakob Jerlstroem,1,2,9,99,99,99,99,99
JamesBa,JamesBa,James Bauer-Mein,1,2,1,99,99,99,99,99
JamesB,JamesB,James Blake,1,2,1,99,99,99,99,99
Jame,Jame,James F Reynolds,1,2,1,99,99,99,99,99
JaFa,JaFa,James Fauntleroy,1,2,2,99,99,99,99,99
JamesG,JamesG,James G. Morales,1,2,99,99,99,99,99,99
JamesH,JamesH,James Hetfield,1,2,2,99,99,99,99,99
JamesLo,JamesLo,James Lord Pierpont,1,2,2,99,99,99,99,99
JamesP,JamesP,James Page,1,2,1,99,99,99,99,99
JamesW,JamesW,James Worthy,1,2,2,99,99,99,99,99
JaHa,JaHa,Jamie Hartman,1,2,1,99,99,99,99,99
JaSc,JaSc,Jamie Scott,1,2,1,99,99,99,99,99
Jamiex,Jamiex,Jamie xx,1,2,1,99,99,99,99,99
JaBo,JaBo,Janez Boncina,1,2,10,99,99,99,99,99
JannAr,JannAr,Jann Arden,1,1,7,99,99,99,99,99
JasonE,JasonE,Jason Evigan,1,2,2,99,99,99,99,99
JasonI,JasonI,Jason Isbell,1,2,2,99,99,99,99,99
JaVa,JaVa,JaVale McGee,1,2,2,99,99,99,99,99
JayLi,JayLi,Jay Livingston,1,2,2,99,99,99,99,99
JayW.J,JayW.J,Jay W. Johnson,1,2,2,99,99,99,99,99
JAYZ,JAYZ,JAY-Z,1,2,2,99,99,99,99,99
Jayr,Jayr,Jayrah Gibson,1,2,2,99,99,99,99,99
JeMa,JeMa,Jean Matyka,1,2,2,99,99,99,99,99
JeffBa,JeffBa,Jeff Barry,1,2,2,99,99,99,99,99
JeBh,JeBh,Jeff Bhasker,1,2,2,99,99,99,99,99
JeffLy,JeffLy,Jeff Lynne,1,2,1,99,99,99,99,99
JeffSi,JeffSi,Jeff Silverman,1,2,2,99,99,99,99,99
Jepp,Jepp,Jeppe Laursen,1,2,10,99,99,99,99,99
JeRv,JeRv,Jeremy Reeves,1,2,2,99,99,99,99,99
JeRu,JeRu,Jeremy Ruzumna,1,2,2,99,99,99,99,99
Jere,Jere,Jeremy Snyder,1,2,99,99,99,99,99,99
JeAt,JeAt,Jérôme Attal,1,2,5,99,99,99,99,99
Jerr,Jerr,Jerry West,1,2,2,99,99,99,99,99
JesseF,JesseF,Jesse Frasure,1,99,99,99,99,99,99,99
JesseS,JesseS,Jesse Shatkin,1,2,2,99,99,99,99,99
Jessi,Jessi,Jessica Agombar,1,1,1,99,99,99,99,99
JessieL,JessieL,Jessie Lauren Foutz,1,1,2,99,99,99,99,99
JessieR,JessieR,Jessie Reyez,1,1,7,99,99,99,99,99
JessieW,JessieW,Jessie Ware,1,1,1,99,99,99,99,99
JHar,JHar,JHart,1,2,1,99,99,99,99,99
JimIr,JimIr,Jim Irvin,1,2,1,99,99,99,99,99
JimVa,JimVa,Jim Vallance,1,2,7,99,99,99,99,99
JiWa,JiWa,Jim Walters,1,2,2,99,99,99,99,99
Jimi,Jimi,Jimin (BTS),1,2,10,99,99,99,99,99
JimmieGr,JimmieGr,Jimmie Grier,1,2,2,99,99,99,99,99
JimmyG,JimmyG,Jimmy Giannos,1,2,2,99,99,99,99,99
JimmyJ,JimmyJ,Jimmy Joker,1,2,10,99,99,99,99,99
JimmyN,JimmyN,Jimmy Napes,1,2,1,99,99,99,99,99
JimmyR,JimmyR,Jimmy Reed,1,2,2,99,99,99,99,99
JimmyVa,JimmyVa,Jimmy Van Heusen,1,2,2,99,99,99,99,99
JIN,JIN,JIN (BTS),1,2,10,99,99,99,99,99
JINB,JINB,JINBO,1,2,10,99,99,99,99,99
JoHi,JoHi,Jo Hill,1,1,1,99,99,99,99,99
Joak,Joak,Joakim Björnberg,1,99,99,99,99,99,99,99
JoanJa,JoanJa,Joan Javits,1,1,2,99,99,99,99,99
JoanJe,JoanJe,Joan Jett,1,1,2,99,99,99,99,99
JoeA,JoeA,Joe Alwyn,1,2,1,99,99,99,99,99
JoeF,JoeF,Joe Femi Griffith,1,99,99,99,99,99,99,99
JoeR,JoeR,Joe Reeves,1,2,1,99,99,99,99,99
JoSc,JoSc,Joe Scott,1,2,2,99,99,99,99,99
JoeWa,JoeWa,Joe Walsh,1,2,2,99,99,99,99,99
JoelLi,JoelLi,Joel Little,1,2,10,99,99,99,99,99
JoeyCh,JoeyCh,Joey Chavez,1,2,2,99,99,99,99,99
JohanCa,JohanCa,Johan Carlsson,1,2,9,99,99,99,99,99
JohnB,JohnB,John Bonham – Schlagzeuger,1,2,1,99,99,99,99,99
JohnD,JohnD,John Deacon,1,2,1,99,99,99,99,99
JohnFr,JohnFr,John Freeman Young,1,2,2,99,99,99,99,99
JohnHe,JohnHe,John Henry Hopkins Jr.,1,2,2,99,99,99,99,99
JohnHi,JohnHi,John Hill,1,2,2,99,99,99,99,99
JohnLe,JohnLe,John Legend,1,2,2,99,99,99,99,99
JohnL,JohnL,John Lennon,1,2,1,99,99,99,99,99
JohnLo,JohnLo,John Lomax,1,99,99,99,99,99,99,99
JohnMa,JohnMa,John Mayer,1,2,2,99,99,99,99,99
JohnMe,JohnMe,John Meredith Wicks,1,2,2,99,99,99,99,99
JohnN,JohnN,John Newton,1,2,2,99,99,99,99,99
JohnP,JohnP,John Paul Jones – Bassist,1,2,1,99,99,99,99,99
JRCo,JRCo,John Richard Cornwall,1,2,8,99,99,99,99,99
JohnR,JohnR,John Ryan,1,2,2,99,99,99,99,99
JohnWi,JohnWi,John Wilson,1,2,2,99,99,99,99,99
JohnWo,JohnWo,John Wold,1,99,99,99,99,99,99,99
JoFl,JoFl,Johnny Flippin,1,2,2,99,99,99,99,99
JohnnyMa,JohnnyMa,Johnny Marks,1,2,2,99,99,99,99,99
JohnnyMc,JohnnyMc,Johnny McDaid,1,2,1,99,99,99,99,99
JohnnyMo,JohnnyMo,Johnny Moore,1,2,2,99,99,99,99,99
JohnnyRi,JohnnyRi,Johnny Richards,1,2,2,99,99,99,99,99
John,John,Johntá Austin,1,2,2,99,99,99,99,99
JonBe,JonBe,Jon Bellion,1,2,2,99,99,99,99,99
JonHo,JonHo,Jon Hopkins,1,2,1,99,99,99,99,99
JoIn,JoIn,Jon Ingoldsby,1,2,2,99,99,99,99,99
JonK,JonK,Jon Keep,1,2,1,99,99,99,99,99
JonL,JonL,Jon Levine,1,2,7,99,99,99,99,99
Jonatha,Jonatha,Jonatha Brooke,1,1,2,99,99,99,99,99
JoYi,JoYi,Jonathan Yip,1,2,2,99,99,99,99,99
JonnyB,JonnyB,Jonny Buckland,1,2,1,99,99,99,99,99
JonnyC,JonnyC,Jonny Coffer,1,2,1,99,99,99,99,99
JonnyGr,JonnyGr,Jonny Griffen,1,2,1,99,99,99,99,99
Jóns,Jóns,Jónsi,1,2,10,99,99,99,99,99
Jorda,Jorda,Jordan Frost,1,99,99,99,99,99,99,99
Jord,Jord,Jordan K. Johnson,1,2,2,99,99,99,99,99
JordanUl,JordanUl,Jordan Ullman,1,2,7,99,99,99,99,99
JordanW,JordanW,Jordan Ware,1,2,2,99,99,99,99,99
JoseF,JoseF,José Feliciano,1,2,10,99,99,99,99,99
JosefMy,JosefMy,Josef Myrow,1,2,10,99,99,99,99,99
Jose,Jose,Joseph Frierson,1,2,99,99,99,99,99,99
JosephMod,JosephMod,Joseph Modeliste,1,2,2,99,99,99,99,99
JosephMoh,JosephMoh,Joseph Mohr,1,2,10,99,99,99,99,99
Josh,Josh,Josh Gudwin,1,2,2,99,99,99,99,99
JoshMo,JoshMo,Josh Mosser,1,2,99,99,99,99,99,99
JoshuaG,JoshuaG,Joshua Gudwin,1,2,2,99,99,99,99,99
JoshuaL,JoshuaL,Joshua Lopez,1,2,99,99,99,99,99,99
JoshuaW,JoshuaW,Joshua Williams,1,2,7,99,99,99,99,99
JoLu,JoLu,Joyner Lucas,1,2,2,99,99,99,99,99
JPro,JPro,JProof,1,2,2,99,99,99,99,99
JRM,JRM,JRM,1,99,99,99,99,99,99,99
Juic,Juic,Juicy J,1,2,2,99,99,99,99,99
Jule,Jule,Jule Styne,1,2,1,99,99,99,99,99
JuliaM,JuliaM,Julia Michaels,1,1,2,99,99,99,99,99
JuliaR,JuliaR,Julia Ross,1,1,2,99,99,99,99,99
JuBu,JuBu,Julian Bunetta,1,2,2,99,99,99,99,99
JulianCa,JulianCa,Julian Casablancas,1,2,2,99,99,99,99,99
JulienAr,JulienAr,Julien Arias,1,2,5,99,99,99,99,99
July,July,July Jones,1,1,1,99,99,99,99,99
Jungk,Jungk,Jung Kook,1,2,10,99,99,99,99,99
Juni,Juni,Junior Jokinen,1,99,99,99,99,99,99,99
JuBl,JuBl,Just Blaze,1,2,2,99,99,99,99,99
JustinBi,JustinBi,Justin Bieber,1,2,7,99,99,99,99,99
JustinPar,JustinPar,Justin Parker,1,2,1,99,99,99,99,99
JustinPau,JustinPau,Justin Paul,1,2,2,99,99,99,99,99
JustinTi,JustinTi,Justin Timberlake,1,2,2,99,99,99,99,99
JustinTr,JustinTr,Justin Tranter,1,2,2,99,99,99,99,99
JustinV,JustinV,Justin Vernon,1,2,2,99,99,99,99,99
JustinW,JustinW,Justin Weaver,1,2,99,99,99,99,99,99
Juve,Juve,Juvenile,1,2,2,99,99,99,99,99
Knan,Knan,K'naan,1,2,10,99,99,99,99,99
Kaan,Kaan,Kaan Günesberk,1,2,7,99,99,99,99,99
Kami,Kami,Kamikaze by Eminem,2,55,55,2,1,2018,13,55
KAMIL,KAMIL,KAMILLE,1,1,1,99,99,99,99,99
Kand,Kand,Kandi,1,1,2,99,99,99,99,99
Kany,Kany,Kanye West,1,2,2,99,99,99,99,99
Kare,Kare,Karen O,1,1,10,99,99,99,99,99
KarenT,KarenT,Karen Thronton,1,1,99,99,99,99,99,99
Karl,Karl,Karl Rubin,1,2,99,99,99,99,99,99
KASS,KASS,KASS,1,2,10,99,99,99,99,99
Kath,Kath,Katherine Kennicott Davis,1,1,2,99,99,99,99,99
KaLa,KaLa,Katia Landreas,1,1,5,99,99,99,99,99
KatyPe,KatyPe,Katy Perry,1,1,2,99,99,99,99,99
Kave,Kave,Kaveh Rastegar,1,2,7,99,99,99,99,99
KayGe,KayGe,Kay Gee,1,2,2,99,99,99,99,99
Kayd,Kayd,Kaydence,1,1,2,99,99,99,99,99
KAYT,KAYT,KAYTRANADA,1,2,10,99,99,99,99,99
Keno,Keno,Ke'noe,1,2,2,99,99,99,99,99
Ke‘no,Ke‘no,Ke‘noe,1,2,2,99,99,99,99,99
Kehl,Kehl,Kehlani,1,1,2,99,99,99,99,99
Keit,Keit,Keith Richards,1,2,1,99,99,99,99,99
KellyCl,KellyCl,Kelly Clarkson,1,1,2,99,99,99,99,99
KellyLu,KellyLu,Kelly Lumpkins,1,1,99,99,99,99,99,99
KeHe,KeHe,Ken Hensley,1,2,1,99,99,99,99,99
Kend,Kend,Kendrick Lamar,1,2,2,99,99,99,99,99
Kenn,Kenn,Kennedi,1,1,2,99,99,99,99,99
Kens,Kens,Kenshi Yonezu,1,2,10,99,99,99,99,99
Kenz,Kenz,Kenza Samir,1,1,99,99,99,99,99,99
Kesi,Kesi,Kesi Dryden,1,2,1,99,99,99,99,99
KevinCol,KevinCol,"Kevin ""Colione"" Crowe",1,2,2,99,99,99,99,99
Kevinbo,Kevinbo,Kevin borg,1,2,10,99,99,99,99,99
KeBr,KeBr,Kevin Briggs,1,2,2,99,99,99,99,99
KevinC,KevinC,Kevin Cossom,1,2,2,99,99,99,99,99
KevinG,KevinG,Kevin Garrett,1,2,99,99,99,99,99,99
KevinGo,KevinGo,Kevin Gomringer,1,2,3,99,99,99,99,99
Kevin,Kevin,Kevin Hicks,1,2,99,99,99,99,99,99
KevinK,KevinK,Kevin Kadish,1,2,2,99,99,99,99,99
KevinMc,KevinMc,Kevin McCall,1,2,2,99,99,99,99,99
KevinM,KevinM,Kevin McConnell,1,99,99,99,99,99,99,99
Kevi,Kevi,Kevin Olusola,1,2,2,99,99,99,99,99
KevinP,KevinP,Kevin Parker,1,2,10,99,99,99,99,99
KevinRa,KevinRa,Kevin Randolph,1,2,99,99,99,99,99,99
KeYW,KeYW,KeY Wane,1,2,2,99,99,99,99,99
Khal,Khal,Khalid,1,2,2,99,99,99,99,99
KidC,KidC,Kid Culture,1,2,2,99,99,99,99,99
KidH,KidH,Kid Harpoon,1,2,1,99,99,99,99,99
KimFo,KimFo,Kim Fowley,1,2,2,99,99,99,99,99
KimG,KimG,Kim Gannon,1,2,2,99,99,99,99,99
KiGi,KiGi,King Gizmo,1,2,2,99,99,99,99,99
Kirs,Kirs,Kirstin Maldonado,1,1,2,99,99,99,99,99
Kita,Kita,Kitagawa Yujin,1,2,10,99,99,99,99,99
Kjar,Kjar,Kjartan Sveinsson,1,2,10,99,99,99,99,99
Klas,Klas,Klas Åhlund,1,2,9,99,99,99,99,99
Kodi,Kodi,Kodi Starr,1,99,99,99,99,99,99,99
Kohe,Kohe,Kohei Ohkura,1,99,99,99,99,99,99,99
Kohs,Kohs,Kohsuke Oshima,1,2,10,99,99,99,99,99
Koic,Koic,Koichiro Muroya,1,2,10,99,99,99,99,99
Kouj,Kouj,Koji Makaino,1,2,10,99,99,99,99,99
Kont,Kont,Kontantin Scherer,1,2,3,99,99,99,99,99
KoolK,KoolK,Kool Kojak,1,2,2,99,99,99,99,99
KoolR,KoolR,Kool Rock Ski,1,2,99,99,99,99,99,99
Kosu,Kosu,Kosuke Morimoto,1,2,10,99,99,99,99,99
KOZ,KOZ,KOZ,1,2,7,99,99,99,99,99
KristenAn,KristenAn,Kristen Anderson-Lopez,1,1,2,99,99,99,99,99
Kris,Kris,Kristian Lundin,1,2,9,99,99,99,99,99
Krys,Krys,Krysta Youngs,1,1,2,99,99,99,99,99
Kyla,Kyla,Kyla,1,1,1,99,99,99,99,99
Labr,Labr,Labrinth,1,2,1,99,99,99,99,99
LadyGa,LadyGa,Lady Gaga,1,1,2,99,99,99,99,99
LaMa,LaMa,LaMar Seymour,1,99,99,99,99,99,99,99
Lana,Lana,Lana Del Rey,1,1,2,99,99,99,99,99
LaNe,LaNe,LaNelle Seymour,1,99,99,99,99,99,99,99
LarryMi,LarryMi,Larry Mizell,1,2,2,99,99,99,99,99
LMJr,LMJr,Larry Mullen Jr.,1,2,10,99,99,99,99,99
LaSm,LaSm,Larry Smith,1,2,2,99,99,99,99,99
Lars,Lars,Lars Ulrich,1,2,10,99,99,99,99,99
LaSh,LaSh,LaShawn Daniels,1,2,2,99,99,99,99,99
LauraGi,LauraGi,Laura Giordano,1,1,99,99,99,99,99,99
Laur,Laur,Laura Welsh,1,1,1,99,99,99,99,99
LaurenC,LaurenC,Lauren Christy,1,1,1,99,99,99,99,99
Laurence,Laurence,Laurence Tolhurst,1,2,1,99,99,99,99,99
Laxc,Laxc,Laxcity,1,2,10,99,99,99,99,99
LeeS,LeeS,Lee Seu Ran,1,1,10,99,99,99,99,99
Leig,Leig,Leigh Harline,1,2,2,99,99,99,99,99
Lela,Lela,Leland,1,2,2,99,99,99,99,99
LeWh,LeWh,Leland Whitty,1,2,7,99,99,99,99,99
Lemo,Lemo,Lemonade by Beyonce,2,55,55,7,1,2016,12,55
LeoNo,LeoNo,Leo Nocentelli,1,2,2,99,99,99,99,99
LeMi,LeMi,Leon Michels,1,2,2,99,99,99,99,99
Leon,Leon,Leonard Cohen,1,2,7,99,99,99,99,99
Lerm,Lerm,Lermon Horton,1,2,2,99,99,99,99,99
Levi,Levi,Levi (KOR),1,99,99,99,99,99,99,99
LiBa,LiBa,Liam Bailey,1,2,1,99,99,99,99,99
Liam,Liam,Liam Payne,1,2,1,99,99,99,99,99
LilB,LilB,Lil Baby,1,2,2,99,99,99,99,99
LilD,LilD,Lil Dicky,1,2,2,99,99,99,99,99
LilW,LilW,Lil Wayne,1,2,2,99,99,99,99,99
Lily,Lily,Lily Allen,1,1,1,99,99,99,99,99
Linde,Linde,Lindel Deon Nelson,1,99,99,99,99,99,99,99
Lindy,Lindy,Lindy Robbins,1,1,2,99,99,99,99,99
LiGo,LiGo,Lisa Gomamoto,1,1,10,99,99,99,99,99
Litt,Litt,Little Walter,1,2,2,99,99,99,99,99
Livv,Livv,Livvi Franc,1,1,1,99,99,99,99,99
LizRod,LizRod,Liz Rodrigues,1,1,7,99,99,99,99,99
LizRos,LizRos,Liz Rose,1,1,2,99,99,99,99,99
LiOw,LiOw,Liza Owen,1,1,1,99,99,99,99,99
LLCJ,LLCJ,LL Cool J,1,2,2,99,99,99,99,99
Loga,Loga,Logan Sama,1,2,1,99,99,99,99,99
Loll,Loll,Lolly Vegas,1,2,2,99,99,99,99,99
Lone,Lone,Lonestarrmuzik,1,2,2,99,99,99,99,99
loph,loph,lophiile,1,2,2,99,99,99,99,99
Lord,Lord,Lord Burgess,1,2,2,99,99,99,99,99
Lorde,Lorde,Lorde,1,1,10,99,99,99,99,99
lori,lori,lori (JPN),1,99,99,99,99,99,99,99
LoriM,LoriM,Lori McKenna,1,1,2,99,99,99,99,99
LosD,LosD,Los Da Mystro,1,2,2,99,99,99,99,99
LouB,LouB,Lou Baxter,1,2,2,99,99,99,99,99
Loud,Loud,Loud by Rihanna,2,55,55,1,1,2011,11,55
Louig,Louig,Louiguy,1,2,4,99,99,99,99,99
LouisBe,LouisBe,Louis Bell,1,2,2,99,99,99,99,99
LouisTo,LouisTo,Louis Tomlinson,1,2,1,99,99,99,99,99
LYSA,LYSA,LOVE YOURSELF 'Answer' by BTS,2,55,55,11,6,2018,26,55
LYST,LYST,LOVE YOURSELF 'Tear' by BTS,2,55,55,11,6,2018,11,55
Love,Love,Lover by Taylor Swift,2,55,55,1,1,2019,18,55
LP,LP,LP,1,1,2,99,99,99,99,99
Luda,Luda,Ludacris,1,2,2,99,99,99,99,99
Ludw,Ludw,Ludwig Lindell,1,2,9,99,99,99,99,99
LuRe,LuRe,Luis Resto,1,2,2,99,99,99,99,99
Luka,Luka,Lukas Nelson,1,2,2,99,99,99,99,99
Lunc,Lunc,LunchMoney Lewis,1,2,2,99,99,99,99,99
LuRa,LuRa,Luther Rabb,1,2,2,99,99,99,99,99
LUTR,LUTR,LUTRA,1,99,99,99,99,99,99,99
Lyri,Lyri,Lyrica Anderson,1,1,2,99,99,99,99,99
MPha,MPha,M-Phazes,1,2,8,99,99,99,99,99
MackG,MackG,Mack Gordon,1,2,2,99,99,99,99,99
MackM,MackM,Mack Maine,1,2,2,99,99,99,99,99
Made,Made,Made in the A.M. by One Direction,2,55,55,1,1,2015,17,55
Madeo,Madeo,Madeon,1,2,5,99,99,99,99,99
Maej,Maej,Maejor,1,2,2,99,99,99,99,99
Magi,Magi,Magic Sam,1,2,2,99,99,99,99,99
Magn,Magn,Magnus Lidehäll,1,2,9,99,99,99,99,99
Majid,Majid,Majid Al Maskati,1,2,7,99,99,99,99,99
MaAt,MaAt,Maki Athanasiou,1,2,2,99,99,99,99,99
Mlay,Mlay,Malay,1,2,2,99,99,99,99,99
Malc,Malc,Malcolm McLaren,1,2,1,99,99,99,99,99
MalcomYo,MalcomYo,Malcolm Young,1,2,1,99,99,99,99,99
Mali,Mali,Malik Yusef,1,2,2,99,99,99,99,99
Malo,Malo,Malory,1,2,10,99,99,99,99,99
MMia,MMia,Mamma Mia Here We Go Again Original Motion Picture Soundtrack,2,55,55,12,1,2018,18,55
Mane,Mane,Maneesh,1,2,7,99,99,99,99,99
MaFr,MaFr,Mannie Fresh,1,2,2,99,99,99,99,99
Mano,Mano,Mano,1,2,10,99,99,99,99,99
MAPOsev,MAPOsev,MAP OF THE SOUL: 7 by BTS,2,55,55,11,6,2020,20,55
MAPO,MAPO,MAP OF THE SOUL: PERSONA by BTS,2,55,55,11,6,2019,7,55
MaBa,MaBa,Marc Batson,1,2,2,99,99,99,99,99
MarcG,MarcG,Marc Gay,1,2,2,99,99,99,99,99
Marcos,Marcos,Marcos Palacios,1,2,2,99,99,99,99,99
MarcusMa,MarcusMa,"Marcus ""Max"" Boyd",1,2,2,99,99,99,99,99
MarcusMc,MarcusMc,Marcus McCoan,1,2,1,99,99,99,99,99
MarcusMu,MarcusMu,Marcus Mumford,1,2,2,99,99,99,99,99
Mari,Mari,Maria Schneider,1,1,2,99,99,99,99,99
MariahC,MariahC,Mariah Carey,1,1,2,99,99,99,99,99
MaRe,MaRe,Mario Resto,1,2,10,99,99,99,99,99
Mario,Mario,Mario Winans,1,2,2,99,99,99,99,99
Mariy,Mariy,Mariya Takeuchi,1,1,10,99,99,99,99,99
MaCr,MaCr,Mark Crew,1,2,1,99,99,99,99,99
MarkJa,MarkJa,Mark James,1,2,2,99,99,99,99,99
MarkN,MarkN,Mark Nilan Jr.,1,2,2,99,99,99,99,99
MarkR,MarkR,Mark Ronson,1,2,1,99,99,99,99,99
Mark,Mark,Mark The Mogul Jackson,1,2,99,99,99,99,99,99
MLBr,MLBr,Martin Luke Brown,1,2,1,99,99,99,99,99
Mart,Mart,Martin Sjolie,1,2,10,99,99,99,99,99
Marv,Marv,Marvin Winans,1,2,2,99,99,99,99,99
MaryF,MaryF,Mary Frierson,1,1,99,99,99,99,99,99
MaryJ,MaryJ,Mary J. Blige,1,1,2,99,99,99,99,99
Masa,Masa,Masami Tozawa,1,99,99,99,99,99,99,99
Masas,Masas,Masashi Ohtsuki,1,99,99,99,99,99,99,99
MaAc,MaAc,Masta Ace,1,2,2,99,99,99,99,99
MaDi,MaDi,Matt Dike,1,2,2,99,99,99,99,99
MattM,MattM,Matt Morales,1,2,99,99,99,99,99,99
MattPr,MattPr,Matt Prime,1,2,1,99,99,99,99,99
Matt,Matt,Matt Squire,1,2,2,99,99,99,99,99
MatthewDe,MatthewDe,Matthew DelGiorno,1,2,99,99,99,99,99,99
MaJa,MaJa,Matthew Jacobson,1,2,2,99,99,99,99,99
MaTa,MaTa,Matthew Tavares,1,2,7,99,99,99,99,99
MaTi,MaTi,Matthew Tishler,1,2,7,99,99,99,99,99
MaLa,MaLa,Mattias Larsson,1,2,9,99,99,99,99,99
Matty,Matty,Matty Thomson,1,2,1,99,99,99,99,99
Mava,Mava,Mavado,1,2,10,99,99,99,99,99
MaxG,MaxG,Max Grant,1,99,99,99,99,99,99,99
MaxL,MaxL,Max Lynedoch Graham,1,2,1,99,99,99,99,99
MaxM,MaxM,Max Martin,1,2,9,99,99,99,99,99
MaxW,MaxW,Max Wartell,1,99,99,99,99,99,99,99
Mayn,Mayn,Mayne Zane,1,2,2,99,99,99,99,99
MCJB,MCJB,MC JB,1,99,99,99,99,99,99,99
MCA,MCA,MCA,1,2,2,99,99,99,99,99
MdL,MdL,MdL,1,2,2,99,99,99,99,99
Meek,Meek,Meek Mill,1,2,2,99,99,99,99,99
Megh,Megh,Meghan Trainor,1,1,2,99,99,99,99,99
MelT,MelT,Mel Tormé,1,2,2,99,99,99,99,99
MeJF,MeJF,Melanie Joy Fontana,1,1,2,99,99,99,99,99
MeLo,MeLo,MeLo-X,1,2,2,99,99,99,99,99
Melv,Melv,Melvin Hough,1,2,99,99,99,99,99,99
MStB,MStB,Menahan Street Band,1,2,2,99,99,99,99,99
Mere,Mere,Meredith Willson,1,2,2,99,99,99,99,99
Merr,Merr,"Merry Christmas, Baby by Rod Stewart",2,55,55,13,1,2012,13,55
Meta,Meta,Metaphor (KOR),1,99,99,99,99,99,99,99
Metr,Metr,Metro Boomin,1,2,2,99,99,99,99,99
Mfms,Mfms,MfmsiQ,1,99,99,99,99,99,99,99
Michael,Michael,"Michael ""Mikey"" Foster",1,2,2,99,99,99,99,99
MichaelBu,MichaelBu,Michael Bublé,1,2,7,99,99,99,99,99
MiBu,MiBu,Michael Burton,1,2,2,99,99,99,99,99
MichaelH,MichaelH,Michael Hutchence,1,2,10,99,99,99,99,99
MichaelJa,MichaelJa,Michael Jackson,1,2,2,99,99,99,99,99
Michel,Michel,"Michel ""Lindgren"" Schulz",1,2,3,99,99,99,99,99
MickJ,MickJ,Mick Jagger,1,2,1,99,99,99,99,99
MiJe,MiJe,Mick Jenkins,1,2,2,99,99,99,99,99
MickS,MickS,Mick Schultz,1,2,2,99,99,99,99,99
Midi,Midi,Midian Mathers,1,1,99,99,99,99,99,99
Midn,Midn,Midnight Memories by One Direction,2,55,55,1,1,2013,18,55
Migu,Migu,Miguel,1,2,2,99,99,99,99,99
MikeAi,MikeAi,Mike Aiello,1,2,99,99,99,99,99,99
MikeCar,MikeCar,Mike Caren,1,2,2,99,99,99,99,99
MikeDal,MikeDal,Mike Daly,1,2,2,99,99,99,99,99
MIKE,MIKE,MIKE DEAN,1,2,2,99,99,99,99,99
MikeE,MikeE,Mike Elizondo,1,2,2,99,99,99,99,99
MiHe,MiHe,Mike Hector,1,2,2,99,99,99,99,99
MikeJon,MikeJon,Mike Jones,1,2,2,99,99,99,99,99
MikeM,MikeM,Mike McTaggart,1,99,99,99,99,99,99,99
MikeN,MikeN,Mike Needle,1,2,1,99,99,99,99,99
MikeO,MikeO,Mike Olsen,1,2,7,99,99,99,99,99
MikePos,MikePos,Mike Posner,1,2,2,99,99,99,99,99
MikeSt,MikeSt,Mike Strange,1,2,2,99,99,99,99,99
MikeW,MikeW,Mike WiLL Made-It,1,2,2,99,99,99,99,99
Mikke,Mikke,Mikkel Storleer Eriksen,1,2,10,99,99,99,99,99
Mikky,Mikky,Mikky Ekko,1,2,2,99,99,99,99,99
Mile,Mile,Miles Grayson,1,2,99,99,99,99,99,99
Mios,Mios,Miossec,1,2,5,99,99,99,99,99
MiRo,MiRo,Mitch Rowland,1,2,2,99,99,99,99,99
Mitchum,Mitchum,Mitchum Chin,1,2,10,99,99,99,99,99
MNEK,MNEK,MNEK,1,2,1,99,99,99,99,99
Moke,Moke,Mokeyzz,1,2,1,99,99,99,99,99
Mpcl,Mpcl,Mon pays c est l amour by Johnny Hallyday,2,55,55,10,4,2018,11,55
MorM,MorM,MorMor,1,2,7,99,99,99,99,99
Mort,Mort,Mort Shuman,1,2,2,99,99,99,99,99
MoZe,MoZe,Mozella,1,1,2,99,99,99,99,99
Murd,Murd,Murda Beatz,1,2,7,99,99,99,99,99
MUSS,MUSS,MUSSASHI,1,99,99,99,99,99,99,99
MyWi,MyWi,Myles William,1,2,2,99,99,99,99,99
Mylo,Mylo,Mylo Xyloto by Coldplay,2,55,55,4,1,2011,14,55
NaPa,NaPa,Nai Palm,1,1,8,99,99,99,99,99
Nas,Nas,Nas,1,2,2,99,99,99,99,99
Nasr,Nasr,Nasri,1,2,7,99,99,99,99,99
Nata,Nata,Natalie Hemby,1,1,2,99,99,99,99,99
NateRu,NateRu,Nate Ruess,1,2,2,99,99,99,99,99
NathanC,NathanC,Nathan Cassells,1,2,1,99,99,99,99,99
NeYo,NeYo,Ne-Yo,1,2,2,99,99,99,99,99
NedW,NedW,Ned Washington,1,2,2,99,99,99,99,99
Need,Need,Needlz,1,2,2,99,99,99,99,99
Neon,Neon,Neon Boy,1,99,99,99,99,99,99,99
NiallHo,NiallHo,Niall Horan,1,2,10,99,99,99,99,99
NiDu,NiDu,Niamh Dunne,1,2,10,99,99,99,99,99
NickMa,NickMa,Nick Mason,1,2,1,99,99,99,99,99
NickMi,NickMi,Nick Mira,1,2,2,99,99,99,99,99
NickMon,NickMon,Nick Monson,1,2,2,99,99,99,99,99
NickMov,NickMov,Nick Movshon,1,2,2,99,99,99,99,99
NickTu,NickTu,Nick Turpin,1,2,99,99,99,99,99,99
Nick,Nick,Nick Zinner,1,2,2,99,99,99,99,99
NiMi,NiMi,Nicki Minaj,1,1,10,99,99,99,99,99
NickolasAs,NickolasAs,Nickolas Ashford,1,2,2,99,99,99,99,99
NickyR,NickyR,Nicky Romero,1,2,10,99,99,99,99,99
Nico,Nico,Nico Stadi,1,2,10,99,99,99,99,99
NicolasMe,NicolasMe,Nicolas Mercier,1,2,5,99,99,99,99,99
Nigh,Nigh,Night Visions by Imagina Dragons,2,55,55,5,1,2013,11,55
NileRo,NileRo,Nile Rodgers,1,2,2,99,99,99,99,99
Nine,Nine,Nineteen85,1,2,7,99,99,99,99,99
Nius,Nius,Nius,1,2,5,99,99,99,99,99
Nive,Nive,Nive,1,2,10,99,99,99,99,99
Mizz,Mizz,Nizzy,1,2,1,99,99,99,99,99
Njom,Njom,Njomza,1,1,2,99,99,99,99,99
NoID,NoID,No I.D.,1,2,2,99,99,99,99,99
NosixC,NosixC,No. 6 Collaborations Project by Ed Sheeran,2,55,55,1,1,2019,15,55
NoCo,NoCo,Noah Conrad,1,2,2,99,99,99,99,99
Noah,Noah,Noah Goldstein,1,2,99,99,99,99,99,99
Nobb,Nobb,Nobby,1,99,99,99,99,99,99,99
Noki,Noki,Nokio the N-Tity,1,2,2,99,99,99,99,99
NoAo,NoAo,Norio Aono,1,2,10,99,99,99,99,99
Norm,Norm,Norman Greenbaum,1,2,2,99,99,99,99,99
Noti,Noti,Notinbed,1,99,99,99,99,99,99,99
OAK,OAK,OAK,1,2,10,99,99,99,99,99
Octo,Octo,Octobar (Kimono Co.),1,99,99,99,99,99,99,99
OGRo,OGRo,OG Rocker,1,99,99,99,99,99,99,99
Olan,Olan,Olaniyi Akinkunmi,1,99,99,99,99,99,99,99
OliverFr,OliverFr,Oliver Frank,1,99,99,99,99,99,99,99
Oliv,Oliv,Oliver Kraus,1,2,3,99,99,99,99,99
OliverR,OliverR,Oliver Riedel,1,2,3,99,99,99,99,99
OliverS,OliverS,Oliver Sim,1,2,1,99,99,99,99,99
Omen,Omen,Omen (Producer),1,2,2,99,99,99,99,99
OnCu,OnCu,OnCue,1,2,2,99,99,99,99,99
Oneo,Oneo,Oneohtrix Point Never,1,2,2,99,99,99,99,99
ONHE,ONHE,ONHEL,1,2,2,99,99,99,99,99
OrGa,OrGa,Orla Gartland,1,1,10,99,99,99,99,99
Orri,Orri,Orri Páll Dýrason,1,2,10,99,99,99,99,99
Orvi,Orvi,Orville Mcwhinney,1,2,99,99,99,99,99,99
OscarH,OscarH,Oscar Hammerstein II,1,2,2,99,99,99,99,99
OsHo,OsHo,Oscar Holter,1,2,9,99,99,99,99,99
Osma,Osma,Osman Ismen,1,2,10,99,99,99,99,99
Otis,Otis,Otis Hicks,1,2,2,99,99,99,99,99
OvyO,OvyO,Ovy On The Drums,1,2,10,99,99,99,99,99
Owen,Owen,Owen Roberts,1,2,99,99,99,99,99,99
OZ,OZ,OZ,1,2,10,99,99,99,99,99
OZGO,OZGO,OZGO,1,2,9,99,99,99,99,99
Ozzy,Ozzy,Ozzy Osbourne,1,2,1,99,99,99,99,99
Pink,Pink,P!nk,1,1,2,99,99,99,99,99
P.Did,P.Did,P. Diddy,1,2,2,99,99,99,99,99
pady,pady,padyy (JPN),1,99,99,99,99,99,99,99
Pand,Pand,Panda Bear,1,2,2,99,99,99,99,99
Pard,Pard,Pardison Fontaine,1,2,2,99,99,99,99,99
Park,Park,Parker Ighile,1,2,1,99,99,99,99,99
PART,PART,PARTYNEXTDOOR,1,2,7,99,99,99,99,99
PatrickJQ,PatrickJQ,"Patrick ""J. Que"" Smith",1,2,2,99,99,99,99,99
PatrickPe,PatrickPe,Patrick Pentland,1,2,1,99,99,99,99,99
Patr,Patr,Patrick Roberts,1,1,8,99,99,99,99,99
PatrickSt,PatrickSt,Patrick Stump,1,2,2,99,99,99,99,99
Paul,Paul,Paul Bateman,1,2,99,99,99,99,99,99
PaBe,PaBe,Paul Bender,1,2,8,99,99,99,99,99
PaulE,PaulE,Paul Epworth,1,2,1,99,99,99,99,99
PaulJa,PaulJa,"Paul Jackson, Jr.",1,2,2,99,99,99,99,99
PaulK,PaulK,Paul Kennerley,1,2,1,99,99,99,99,99
PaulL,PaulL,Paul Landers,1,2,3,99,99,99,99,99
PaulMc,PaulMc,Paul McCartney,1,2,1,99,99,99,99,99
PaulMe,PaulMe,Paul Meehan,1,2,1,99,99,99,99,99
PaRo,PaRo,Paul Rosenberg,1,2,2,99,99,99,99,99
PaulWi,PaulWi,Paul Williams,1,2,2,99,99,99,99,99
Paulo,Paulo,Paulo Londra,1,2,10,99,99,99,99,99
PDog,PDog,PDogg,1,2,10,99,99,99,99,99
Penn,Penn,Penny Foster,1,1,1,99,99,99,99,99
PeUg,PeUg,Pero Ugrin,1,2,10,99,99,99,99,99
PeMo,PeMo,Perrin Moss,1,2,8,99,99,99,99,99
Pete,Pete,Pete Kelleher,1,2,1,99,99,99,99,99
PeterAl,PeterAl,Peter Allen,1,2,8,99,99,99,99,99
PeterN,PeterN,Peter Nord,1,2,9,99,99,99,99,99
PeterSv,PeterSv,Peter Svensson,1,2,9,99,99,99,99,99
PeterWa,PeterWa,Peter Wallevik,1,2,10,99,99,99,99,99
Phar,Phar,Pharrell Williams,1,2,2,99,99,99,99,99
PhilB,PhilB,Phil Beaudreau,1,2,2,99,99,99,99,99
PhilSp,PhilSp,Phil Spector,1,2,2,99,99,99,99,99
Philip,Philip,Philip Lawrence,1,2,2,99,99,99,99,99
PhilipS,PhilipS,Philip Springer,1,2,2,99,99,99,99,99
PJTe,PJTe,Phillip James Terry,1,2,2,99,99,99,99,99
PhilW,PhilW,Phillip Weatherspoon,1,2,99,99,99,99,99,99
Phre,Phre,Phredley Brown,1,2,2,99,99,99,99,99
PDBu,PDBu,Pierre Dominique Burgaud,1,2,5,99,99,99,99,99
PiJo,PiJo,Pierre Jouishomme,1,2,5,99,99,99,99,99
PYLe,PYLe,Pierre Yves Lebert,1,2,5,99,99,99,99,99
Pier,Pier,Piers Agget,1,2,1,99,99,99,99,99
Pimp,Pimp,Pimp C,1,2,2,99,99,99,99,99
Pinky,Pinky,Pinky Tomlin,1,2,2,99,99,99,99,99
Pipp,Pipp,Pippi Svensson,1,99,99,99,99,99,99,99
Play,Play,Play,1,99,99,99,99,99,99,99
Plus,Plus,Pluss,1,2,2,99,99,99,99,99
PMD,PMD,PMD,1,2,2,99,99,99,99,99
PnBR,PnBR,PnB Rock,1,2,2,99,99,99,99,99
Polin,Polin,POLINA,1,1,10,99,99,99,99,99
Polly,Polly,Polly Samson,1,1,1,99,99,99,99,99
Polo,Polo,Polow da Don,1,2,2,99,99,99,99,99
PoBe,PoBe,Poo Bear,1,2,2,99,99,99,99,99
PopW,PopW,Pop Wansel,1,2,2,99,99,99,99,99
Popc,Popc,Popcaan,1,2,10,99,99,99,99,99
Porc,Porc,Porcelain Black,1,1,2,99,99,99,99,99
Porl,Porl,Porl Thompson,1,2,1,99,99,99,99,99
Post,Post,Post Malone,1,2,2,99,99,99,99,99
Princ,Princ,Prince 85,1,99,99,99,99,99,99,99
Prin,Prin,Prince Markie Dee,1,2,2,99,99,99,99,99
Print,Print,Printz Board,1,2,2,99,99,99,99,99
Prisc,Prisc,Priscilla Renea,1,1,2,99,99,99,99,99
Pris,Pris,Prism by Katy Perry,2,55,55,1,1,2013,16,55
Pure,Pure,Pure Heroine by Lorde,2,55,55,1,1,2014,10,55
Purp,Purp,Purpose by Justin Bieber,2,55,55,1,1,2015,14,55
QQ,QQ,QQ,1,99,99,99,99,99,99,99
Quav,Quav,Quavo,1,2,2,99,99,99,99,99
R.Cit,R.Cit,R. City (Duo),1,2,2,99,99,99,99,99
RKel,RKel,R. Kelly,1,2,2,99,99,99,99,99
RaCh,RaCh,Ra Charm,1,2,2,99,99,99,99,99
RnBM,RnBM,Rag 'n' Bone Man,1,2,1,99,99,99,99,99
RalphB,RalphB,Ralph Blane,1,2,2,99,99,99,99,99
Rami,Rami,Rami,1,2,9,99,99,99,99,99
Ramm,Ramm,Rammstein by Rammstein,2,55,55,9,2,2019,11,55
Ranc,Ranc,Rance,1,2,2,99,99,99,99,99
Rand,Rand,Random Access Memories by Daft Punk,2,55,55,6,1,2013,14,55
RandyNe,RandyNe,Randy Newman,1,2,2,99,99,99,99,99
Randy,Randy,Randy Runyon,1,99,99,99,99,99,99,99
Rans,Rans,Ransom,1,2,2,99,99,99,99,99
RABO,RABO,RAT BOY,1,2,1,99,99,99,99,99
RayE,RayE,Ray Evans,1,2,2,99,99,99,99,99
RayJ,RayJ,Ray J,1,2,2,99,99,99,99,99
RMDJ,RMDJ,Ray Michael Djan Jr,1,2,1,99,99,99,99,99
RayM,RayM,Ray Murray,1,99,2,99,99,99,99,99
RaRo,RaRo,Ray Romulus,1,2,2,99,99,99,99,99
Redb,Redb,Red by Taylor Swift,2,55,55,8,1,2012,16,55
RedO,RedO,RedOne,1,2,10,99,99,99,99,99
ReSp,ReSp,Regina Spektor,1,1,10,99,99,99,99,99
repu,repu,reputation by Taylor Swift,2,55,55,1,1,2017,15,55
ReJa,ReJa,Reuben James,1,2,1,99,99,99,99,99
ReRu,ReRu,Rev Run,1,2,2,99,99,99,99,99
Revi,Revi,Revival by Eminem,2,55,55,2,1,2017,19,55
RayR,RayR,Rey Reel,1,2,2,99,99,99,99,99
Ricc,Ricc,Ricci Riera,1,2,2,99,99,99,99,99
Rich,Rich,Rich Harrison,1,2,2,99,99,99,99,99
RichardB,RichardB,Richard B. Smith,1,2,2,99,99,99,99,99
RiFa,RiFa,Richard Fairbrass,1,2,1,99,99,99,99,99
RichardR,RichardR,Richard Rodgers,1,2,2,99,99,99,99,99
RichardWr,RichardWr,Richard Wright,1,2,1,99,99,99,99,99
RichardZ,RichardZ,Richard Z. Kruspe,1,2,3,99,99,99,99,99
Riche,Riche,Richelle Alleyne,1,1,7,99,99,99,99,99
RickCu,RickCu,Rick Cunningham,1,99,99,99,99,99,99,99
RickNo,RickNo,Rick Nowels,1,2,2,99,99,99,99,99
RickRo,RickRo,Rick Ross,1,2,2,99,99,99,99,99
RickRu,RickRu,Rick Rubin,1,2,2,99,99,99,99,99
Rick,Rick,Ricky Reed,1,2,2,99,99,99,99,99
RiWe,RiWe,Ricky West,1,2,2,99,99,99,99,99
Rico,Rico,Rico Wade,1,2,2,99,99,99,99,99
Riha,Riha,Rihanna,1,1,10,99,99,99,99,99
Ring,Ring,Ringo Starr,1,2,1,99,99,99,99,99
Rive,Rive,Rivelino,1,99,99,99,99,99,99,99
RM,RM,RM,1,2,10,99,99,99,99,99
RobHo,RobHo,Rob Holladay,1,2,2,99,99,99,99,99
RobKn,RobKn,Rob Knox,1,2,2,99,99,99,99,99
RoMa,RoMa,Rob Manzoli,1,2,1,99,99,99,99,99
RobSw,RobSw,Rob Swire,1,2,8,99,99,99,99,99
RoKB,RoKB,"Robert ""Kool"" Bell",1,2,2,99,99,99,99,99
RobertBu,RobertBu,Robert Burns,1,2,1,99,99,99,99,99
Rober,Rober,Robert Holmes,1,2,1,99,99,99,99,99
RobertLo,RobertLo,Robert Lopez,1,2,2,99,99,99,99,99
Robe,Robe,Robert Plant,1,2,1,99,99,99,99,99
RobertSm,RobertSm,Robert Smith,1,2,1,99,99,99,99,99
RoSM,RoSM,Robert Spike Mickens,1,2,2,99,99,99,99,99
RobertT,RobertT,Robert Trujillo,1,2,2,99,99,99,99,99
RobertWe,RobertWe,Robert Wells,1,2,2,99,99,99,99,99
RoFr,RoFr,Robin Fredriksson,1,2,9,99,99,99,99,99
RobinGi,RobinGi,Robin Gibb,1,2,1,99,99,99,99,99
Rock,Rock,Rock or Bust by AC/DC,2,55,55,4,1,2014,11,55
RodAr,RodAr,Rod Argent,1,2,1,99,99,99,99,99
RodS,RodS,Rod Stewart,1,2,1,99,99,99,99,99
Rodn,Rodn,Rodney Jerkins,1,2,2,99,99,99,99,99
Roger,Roger,Roger O'Donell,1,2,1,99,99,99,99,99
Roge,Roge,Roger Taylor,1,2,1,99,99,99,99,99
RoTr,RoTr,Roger Troutman,1,2,2,99,99,99,99,99
Rola,Rola,Roland Orzabal,1,2,1,99,99,99,99,99
RoSp,RoSp,Rollo Spreckley,1,2,1,99,99,99,99,99
Roman,Roman,Roman Campolo,1,2,2,99,99,99,99,99
Romy,Romy,Romy,1,1,1,99,99,99,99,99
RNUF,RNUF,"Ron ""NEFF-U"" Feemster",1,2,2,99,99,99,99,99
RonN,RonN,Ron NEFF-U Feemster,1,2,2,99,99,99,99,99
RonJ,RonJ,Ronny J,1,2,2,99,99,99,99,99
Roqu,Roqu,Roquel “Billy” Davis,1,2,2,99,99,99,99,99
Ross,Ross,Ross Golan,1,2,2,99,99,99,99,99
Royc,Royc,"Royce da 5'9""",1,2,2,99,99,99,99,99
RoyceH,RoyceH,Royce.H,1,99,99,99,99,99,99,99
RUCC,RUCC,RUCCA,1,99,99,99,99,99,99,99
Rudi,Rudi,Rudimental,1,2,1,99,99,99,99,99
Rumi,Rumi,Rumi,1,99,99,99,99,99,99,99
Rupe,Rupe,Rupert Holmes,1,2,2,99,99,99,99,99
RuthAn,RuthAn,RuthAnne,1,1,10,99,99,99,99,99
Ruut,Ruut,Ruuth,1,1,3,99,99,99,99,99
Ryan,Ryan,Ryan Lawrie,1,2,1,99,99,99,99,99
RyanL,RyanL,Ryan Lewis,1,2,2,99,99,99,99,99
RyanN,RyanN,Ryan Nasci,1,2,2,99,99,99,99,99
RyanT,RyanT,Ryan Tedder,1,2,2,99,99,99,99,99
STnk,STnk,S-Tnk,1,99,99,99,99,99,99,99
SPag,SPag,S. Pages Mehner,1,99,99,99,99,99,99,99
Sone,Sone,S1,1,2,2,99,99,99,99,99
Sabah,Sabah,Sabahattin Ali,1,99,99,99,99,99,99,99
Sach,Sach,Sacha Skarbek,1,2,1,99,99,99,99,99
Sain,Sain,Saint Cassius,1,2,2,99,99,99,99,99
SAKP,SAKP,SAK PASE,1,2,2,99,99,99,99,99
SAKR,SAKR,SAKRA,1,99,99,99,99,99,99,99
SaDe,SaDe,Sam Dew,1,2,2,99,99,99,99,99
SamH,SamH,Sam Harris,1,2,2,99,99,99,99,99
SamHo,SamHo,Sam Hollander,1,2,2,99,99,99,99,99
SaKl,SaKl,Sam Klempner,1,2,1,99,99,99,99,99
SamS,SamS,Sam Smith,1,3,1,99,99,99,99,99
SaHa,SaHa,Samantha Harper,1,1,1,99,99,99,99,99
SammyC,SammyC,Sammy Cahn,1,2,2,99,99,99,99,99
Samm,Samm,Sammy Witte,1,99,99,99,99,99,99,99
SamuelD,SamuelD,Samuel Dixon,1,2,8,99,99,99,99,99
SamuelW,SamuelW,Samuel Waermö,1,2,9,99,99,99,99,99
Sand,Sand,Sandy Vee,1,2,5,99,99,99,99,99
SarahHu,SarahHu,Sarah Hudson,1,1,2,99,99,99,99,99
SarahJa,SarahJa,Sarah Jaffe,1,1,2,99,99,99,99,99
Sash,Sash,Sasha Sirota,1,2,2,99,99,99,99,99
Sava,Sava,Savan Kotecha,1,2,2,99,99,99,99,99
SawA,SawA,Saw Arrow,1,99,99,99,99,99,99,99
Sawar,Sawar,Sawara Kouta,1,99,99,99,99,99,99,99
Scho,Scho,Schoolly D,1,2,2,99,99,99,99,99
Scoo,Scoo,Scooter Braun,1,2,99,99,99,99,99,99
Scoot,Scoot,Scootie,1,2,2,99,99,99,99,99
ScottH,ScottH,Scott Hoying,1,2,2,99,99,99,99,99
ScottS,ScottS,Scott Spock,1,2,2,99,99,99,99,99
ScottyWi,ScottyWi,Scotty Wiseman,1,2,2,99,99,99,99,99
ScJo,ScJo,Scram Jones,1,2,2,99,99,99,99,99
Scre,Scre,Screamin Jay Hawkins,1,2,2,99,99,99,99,99
Sean,Sean,Sean D,1,99,99,99,99,99,99,99
Sera,Sera,Serani,1,2,10,99,99,99,99,99
Sevn,Sevn,Sevn Thomas,1,2,7,99,99,99,99,99
SGLe,SGLe,SG Lewis,1,2,1,99,99,99,99,99
Shak,Shak,Shakka Philip,1,2,1,99,99,99,99,99
Shel,Shel,Shellback,1,2,9,99,99,99,99,99
Shep,Shep,Shep Solomon,1,2,2,99,99,99,99,99
SMSu,SMSu,Shin Myeong Su,1,2,10,99,99,99,99,99
Shin,Shin,Shin Tanimoto,1,99,99,99,99,99,99,99
Shing,Shing,Shingo Asari,1,2,10,99,99,99,99,99
Shinno,Shinno,Shinnosuke (buzz-Vibes),1,2,10,99,99,99,99,99
ShoS,ShoS,Sho Sakurai,1,2,10,99,99,99,99,99
Shon,Shon,Shontelle,1,1,10,99,99,99,99,99
SHUN,SHUN,SHUN (JPN),1,2,10,99,99,99,99,99
SHUY,SHUY,SHUYA,1,2,99,99,99,99,99,99
ShyC,ShyC,Shy Carter,1,2,2,99,99,99,99,99
Shyn,Shyn,Shyne,1,2,10,99,99,99,99,99
Sia,Sia,Sia,1,1,8,99,99,99,99,99
SimonAl,SimonAl,Simon Aldred,1,2,1,99,99,99,99,99
SimonF,SimonF,Simon Fung,1,2,1,99,99,99,99,99
SimonGa,SimonGa,Simon Gallup,1,2,1,99,99,99,99,99
SimonJ,SimonJ,Simon Janlöv,1,2,9,99,99,99,99,99
SiMa,SiMa,Simon Mavin,1,2,8,99,99,99,99,99
SINU,SINU,SIN/UNITe,1,99,99,99,99,99,99,99
SirN,SirN,Sir Nolan,1,2,2,99,99,99,99,99
Skri,Skri,Skrillex,1,2,2,99,99,99,99,99
Skyl,Skyl,Skylar Grey,1,1,2,99,99,99,99,99
Sleep,Sleep,Sleep Deez,1,2,2,99,99,99,99,99
Slee,Slee,Sleepy Brown,1,2,2,99,99,99,99,99
Slic,Slic,Slick Rick,1,2,2,99,99,99,99,99
Slim,Slim,Slim Jxmmi,1,2,2,99,99,99,99,99
SRab,SRab,Slow Rabbit,1,2,10,99,99,99,99,99
Smok,Smok,Smokey Robinson,1,2,2,99,99,99,99,99
Sniz,Sniz,Snizzy,1,99,99,99,99,99,99,99
SoFL,SoFL,SoFLY,1,2,5,99,99,99,99,99
Solu,Solu,Soluna (JPN),1,99,99,99,99,99,99,99
SJKy,SJKy,Song Jae Kyung,1,2,10,99,99,99,99,99
SoEx,SoEx,Songs of Experience by U2,2,55,55,4,1,2017,13,55
Sool,Sool,Sool Got Hits,1,2,99,99,99,99,99,99
Soul,Soul,Soulja Boy,1,2,2,99,99,99,99,99
Soundz,Soundz,Soundz,1,2,2,99,99,99,99,99
Sounw,Sounw,Sounwave,1,2,2,99,99,99,99,99
Sout,Sout,Southside,1,2,2,99,99,99,99,99
SQUA,SQUA,SQUAREF,1,99,99,99,99,99,99,99
StVi,StVi,St. Vincent,1,1,2,99,99,99,99,99
Stac,Stac,Stacy Barthe,1,1,2,99,99,99,99,99
StGr,StGr,Stan Graham,1,2,2,99,99,99,99,99
StanVi,StanVi,Stan Vincent,1,2,2,99,99,99,99,99
Stat,Stat,Static Major,1,2,2,99,99,99,99,99
Stef,Stef,Stefan Johnson,1,2,2,99,99,99,99,99
Stell,Stell,Stella Jang,1,1,10,99,99,99,99,99
Step,Step,Stephan Moccio,1,2,7,99,99,99,99,99
StephenHa,StephenHa,Stephen Hacker,1,2,99,99,99,99,99,99
ster,ster,stereograph (JPN),1,99,10,99,99,99,99,99
Aoki,Aoki,Steve Aoki,1,2,2,99,99,99,99,99
SteveDa,SteveDa,Steve Daly,1,2,1,99,99,99,99,99
StEa,StEa,Steve Earle,1,2,2,99,99,99,99,99
SteveGu,SteveGu,Steve Guess,1,2,99,99,99,99,99,99
Stev,Stev,Steve James,1,2,2,99,99,99,99,99
StLa,StLa,Steve Lacy,1,2,2,99,99,99,99,99
SteveMa,SteveMa,Steve Mac,1,2,1,99,99,99,99,99
SteveNe,SteveNe,Steve Nelson,1,2,2,99,99,99,99,99
SteveRo,SteveRo,Steve Robson,1,2,1,99,99,99,99,99
SteveWy,SteveWy,Steve Wyreman,1,2,99,99,99,99,99,99
StevenSa,StevenSa,Steven Sater,1,2,2,99,99,99,99,99
StAn,StAn,Stig Anderson,1,2,9,99,99,99,99,99
Stor,Stor,Stormzy,1,2,1,99,99,99,99,99
STRA,STRA,STRAY SHEEP by Kenshi Yonezu,2,55,55,12,6,2020,15,55
STRE,STRE,STREETRUNNER,1,2,2,99,99,99,99,99
Stwo,Stwo,Stwo,1,2,5,99,99,99,99,99
SUGA,SUGA,SUGA,1,2,10,99,99,99,99,99
SugaS,SugaS,Suga Shikao,1,2,10,99,99,99,99,99
Summ,Summ,Summer Walker,1,2,2,99,99,99,99,99
SunR,SunR,Sun Ra,1,2,2,99,99,99,99,99
Supa,Supa,Supa Dups,1,2,10,99,99,99,99,99
SBoi,SBoi,Supreme Boi,1,2,10,99,99,99,99,99
Swae,Swae,Swae Lee,1,2,2,99,99,99,99,99
SwAl,SwAl,Swish Allnet,1,2,2,99,99,99,99,99
SZA,SZA,SZA,1,1,2,99,99,99,99,99
TMin,TMin,T-Minus,1,2,7,99,99,99,99,99
TPai,TPai,T-Pain,1,2,2,99,99,99,99,99
TI,TI,T.I.,1,2,2,99,99,99,99,99
Tada,Tada,Tada Shinya,1,2,10,99,99,99,99,99
Tain,Tain,Tainy,1,2,10,99,99,99,99,99
Taka,Taka,Takashi Miura,1,2,10,99,99,99,99,99
Take,Take,Take Me Home by One Direction,2,55,55,1,1,2012,13,55
Takehi,Takehi,Takehiko Iida,1,2,10,99,99,99,99,99
TAKES,TAKES,TAKESHI (bewiN),1,2,10,99,99,99,99,99
Takesh,Takesh,Takeshi Aida,1,2,10,99,99,99,99,99
Taku,Taku,Taku Yoshioka,1,2,10,99,99,99,99,99
Takuy,Takuy,Takuya Harada,1,99,99,99,99,99,99,99
Talk,Talk,Talk That Talk by Rihanna,2,55,55,1,1,2011,11,55
TTHa,TTHa,"Tameka ""Tiny"" Harris",1,1,2,99,99,99,99,99
Tats,Tats,Tatsuro Yamashita,1,2,10,99,99,99,99,99
Travish,Travish,Tavish Graham,1,99,99,99,99,99,99,99
TayKe,TayKe,Tay Keith,1,2,2,99,99,99,99,99
Tayla,Tayla,Tayla Parx,1,1,2,99,99,99,99,99
Tayl,Tayl,Taylor Swift,1,1,2,99,99,99,99,99
TBHi,TBHi,TBHits,1,2,2,99,99,99,99,99
Tcha,Tcha,Tchami,1,2,5,99,99,99,99,99
Tebe,Tebe,Tebey,1,2,7,99,99,99,99,99
Tech,Tech,Tech N9ne,1,2,2,99,99,99,99,99
TedDw,TedDw,Ted Dwane,1,2,1,99,99,99,99,99
Tedd,Tedd,Teddy Geiger,1,1,2,99,99,99,99,99
TeddyS,TeddyS,Teddy Sky,1,2,10,99,99,99,99,99
TeWa,TeWa,Teddy Walton,1,2,2,99,99,99,99,99
TeMa,TeMa,Terrace Martin,1,2,2,99,99,99,99,99
Terr,Terr,Terrance Stubbs,1,2,2,99,99,99,99,99
ThaC,ThaC,Tha Carter IV by Lil Wayne,2,55,55,2,1,2011,15,55
Than,Than,"Thank u, next by Ariana Grande",2,55,55,1,2,2019,12,55
The2,The2,The 20/20 Experience by Justin Timberlake,2,55,55,1,1,2013,12,55
TheAl,TheAl,The Alchemist,1,2,2,99,99,99,99,99
TheB,TheB,The Beat Bully,1,2,2,99,99,99,99,99
TheEdg,TheEdg,The Edge,1,2,10,99,99,99,99,99
TheE,TheE,The Endless River by Pink Floyd,2,55,55,4,1,2014,18,55
TGrS,TGrS,The Greatest Showman Original Motion Picture Soundtrack,2,55,55,12,1,2018,22,55
TheK,TheK,The KristoMan,1,2,10,99,99,99,99,99
TheM,TheM,The Marshall Mathers LP2 by Eminem,2,55,55,2,1,2013,16,55
TheNo,TheNo,The Notorious B.I.G,1,2,2,99,99,99,99,99
ToIA,ToIA,The Thrill of It All by Sam Smith,2,55,55,1,1,2017,10,55
TheT,TheT,The Truth About Love by P!nk,2,55,55,1,1,2012,13,55
TheW,TheW,The Weeknd,1,2,7,99,99,99,99,99
TheD,TheD,The-Dream,1,2,2,99,99,99,99,99
Ther,Ther,Theron Thomas,1,2,2,99,99,99,99,99
ThomasB,ThomasB,Thomas Bangalter,1,2,5,99,99,99,99,99
ThomasBr,ThomasBr,Thomas Brenneck,1,2,2,99,99,99,99,99
Thoma,Thoma,Thomas Raybould,1,99,99,99,99,99,99,99
ThomasT,ThomasT,Thomas Troelsen,1,2,10,99,99,99,99,99
Till,Till,Till Lindermann,1,2,3,99,99,99,99,99
TimG,TimG,Tim Gomringer,1,2,3,99,99,99,99,99
TiJa,TiJa,Tim James,1,2,2,99,99,99,99,99
TimLa,TimLa,Tim Larcombe,1,2,1,99,99,99,99,99
TimMi,TimMi,Tim Miner,1,2,2,99,99,99,99,99
TimS,TimS,Tim Staffell,1,2,1,99,99,99,99,99
TiSu,TiSu,Tim Suby,1,2,2,99,99,99,99,99
Timb,Timb,Timbaland,1,2,2,99,99,99,99,99
Timm,Timm,Timmy Thomas,1,2,2,99,99,99,99,99
Timo,Timo,Timothy Thomas,1,2,2,99,99,99,99,99
Titl,Titl,Title by Meghan Trainor,2,55,55,1,1,2015,15,55
TMS,TMS,TMS,1,99,1,99,99,99,99,99
ToBe,ToBe,To Be Loved by Michael Bublé,2,55,55,1,1,2013,14,55
Tobi,Tobi,Tobias Jesso Jr.,1,2,7,99,99,99,99,99
TobyG,TobyG,Toby Gad,1,2,3,99,99,99,99,99
TobySm,TobySm,Toby Smith,1,2,1,99,99,99,99,99
Todd,Todd,Todd Carey,1,2,2,99,99,99,99,99
ToddEd,ToddEd,Todd Edwards,1,2,2,99,99,99,99,99
TomB,TomB,Tom Barnes,1,2,1,99,99,99,99,99
TomFl,TomFl,Tom Fletcher,1,2,1,99,99,99,99,99
TomJa,TomJa,Tom Jackson,1,2,7,99,99,99,99,99
TomMe,TomMe,Tom Meredith,1,2,99,99,99,99,99,99
TomP,TomP,Tom Petty,1,2,2,99,99,99,99,99
TomS,TomS,Tom Strahle,1,2,99,99,99,99,99,99
ToSt,ToSt,Tom Sturges,1,2,5,99,99,99,99,99
TomW,TomW,Tom Wiklund,1,99,99,99,99,99,99,99
ToCh,ToCh,Tommy Chong,1,2,2,99,99,99,99,99
TommyLe,TommyLe,Tommy Lee James,1,2,2,99,99,99,99,99
TommyP.G,TommyP.G,Tommy P. Gregersen,1,2,99,99,99,99,99,99
TommyPa,TommyPa,Tommy Parker,1,2,2,99,99,99,99,99
TonyMi,TonyMi,Tony Mitchell,1,2,8,99,99,99,99,99
Tony,Tony,Tony Springer,1,2,10,99,99,99,99,99
TooSh,TooSh,TooShort,1,2,2,99,99,99,99,99
ToDa,ToDa,Top Dawg,1,2,2,99,99,99,99,99
TorE,TorE,Tor Erik Hermansen,1,2,10,99,99,99,99,99
Tour,Tour,Tourist,1,2,1,99,99,99,99,99
Tove,Tove,Tove Lo,1,1,9,99,99,99,99,99
Trac,Trac,Traci Hale,1,1,2,99,99,99,99,99
Trad,Trad,Traditional,1,99,99,99,99,99,99,99
Trav,Trav,Travis Sayles,1,2,99,99,99,99,99,99
TravisSc,TravisSc,Travis Scott,1,2,2,99,99,99,99,99
Trea,Trea,Treach,1,2,2,99,99,99,99,99
TLJr,TLJr,Trevor Lawrence Jr,1,2,2,99,99,99,99,99
Tric,Tric,Tricky Stewart,1,2,2,99,99,99,99,99
Troy,Troy,Troye Sivan,1,2,10,99,99,99,99,99
TSUK,TSUK,TSUKASA,1,99,99,99,99,99,99,99
Tush,Tush,Tushar Apte,1,2,8,99,99,99,99,99
Twis,Twis,Twista,1,2,2,99,99,99,99,99
TwoI,TwoI,Two Inch Punch,1,2,1,99,99,99,99,99
TylerA,TylerA,Tyler Armes,1,2,2,99,99,99,99,99
TyJo,TyJo,Tyler Johnson,1,2,2,99,99,99,99,99
Tyle,Tyle,Tyler Joseph,1,2,2,99,99,99,99,99
TyKe,TyKe,Tyrone Kelsie,1,1,2,99,99,99,99,99
Unap,Unap,Unapologetic by Rihanna,2,55,55,1,1,2012,14,55
Unde,Unde,Under the Mistletoe by Justin Bieber,2,55,55,13,1,2011,11,55
Unor,Unor,Unorthodox Jukebox by Bruno Mars,2,55,55,1,1,2013,10,55
UpAl,UpAl,Up All Night by One Direction,2,55,55,1,1,2012,13,55
UPSA,UPSA,UPSAHL,1,1,2,99,99,99,99,99
Ursu,Ursu,Ursula Yancy,1,2,2,99,99,99,99,99
V,V,V (BTS),1,2,10,99,99,99,99,99
ValB,ValB,Val Blatvatnik,1,99,99,99,99,99,99,99
ValerieSi,ValerieSi,Valerie Simpson,1,1,2,99,99,99,99,99
Vict,Vict,Victoria Monét,1,1,2,99,99,99,99,99
View,View,Views by Drake,2,55,55,2,1,2016,20,55
VinRo,VinRo,Vin Rock,1,2,2,99,99,99,99,99
Vince,Vince,Vince Nantes,1,2,2,99,99,99,99,99
VincentB,VincentB,Vincent Berry II,1,2,2,99,99,99,99,99
VincentD,VincentD,Vincent DeGiorgio,1,2,7,99,99,99,99,99
VincentPo,VincentPo,Vincent Pontare,1,2,9,99,99,99,99,99
VincentS,VincentS,Vincent Stein (Beatzarre),1,2,3,99,99,99,99,99
Vinn,Vinn,Vinny Venditto,1,2,2,99,99,99,99,99
Viny,Viny,Vinylz,1,2,2,99,99,99,99,99
Vory,Vory,Vory,1,2,2,99,99,99,99,99
Voyc,Voyc,Voyce,1,2,3,99,99,99,99,99
WallyBr,WallyBr,Wally Bryson,1,2,2,99,99,99,99,99
WalterAf,WalterAf,Walter Afanasieff,1,2,10,99,99,99,99,99
WalterKe,WalterKe,Walter Kent,1,2,2,99,99,99,99,99
WalterMu,WalterMu,Walter Murphy,1,2,2,99,99,99,99,99
WalterRo,WalterRo,Walter Rollins,1,2,2,99,99,99,99,99
watt,watt,watt,1,2,2,99,99,99,99,99
WayneHe,WayneHe,Wayne Hector,1,2,1,99,99,99,99,99
WayneSe,WayneSe,Wayne Sermon,1,2,2,99,99,99,99,99
Wend,Wend,Wendy Rene,1,1,1,99,99,99,99,99
WHEN,WHEN,"WHEN WE ALL FALL ASLEEP, WHERE DO WE GO?",2,55,55,5,1,2019,14,2020
WillC,WillC,Will Champion,1,2,1,99,99,99,99,99
WillChampl,WillChampl,Will Champlin,1,2,2,99,99,99,99,99
william,william,will i am,1,2,2,99,99,99,99,99
Will,Will,Wille Erik Hugo Tannergard,1,99,99,99,99,99,99,99
WilliamAt,WilliamAt,William Attaway,1,2,2,99,99,99,99,99
WilliamY,WilliamY,William Young,1,2,99,99,99,99,99,99
Willi,Willi,Willie Dixon,1,2,2,99,99,99,99,99
WillyWi,WillyWi,Willy Will,1,2,2,99,99,99,99,99
Wins,Wins,Winston Marshall,1,2,1,99,99,99,99,99
Wizk,Wizk,Wizkid,1,2,10,99,99,99,99,99
Wolf,Wolf,Wolfgang Düren,1,2,3,99,99,99,99,99
wond,wond,wonder note (JPN),1,99,99,99,99,99,99,99
Wonde,Wonde,Wonderland,1,99,99,99,99,99,99,99
Worl,Worl,Worldwide Fresh,1,99,99,99,99,99,99,99
x,x,x by Ed Sheeran,2,55,55,1,1,2014,12,2015
YEBB,YEBB,YEBBA,1,1,2,99,99,99,99,99
Yode,Yode,Yodelice,1,2,5,99,99,99,99,99
Yoji,Yoji,Yoji Kubota,1,2,10,99,99,99,99,99
Yojir,Yojir,Yojiro Noda,1,2,10,99,99,99,99,99
YoGu,YoGu,Yoon Guitar,1,2,10,99,99,99,99,99
Yosh,Yosh,Yoshitaka Taira,1,2,10,99,99,99,99,99
YoungFy,YoungFy,Young Fyre,1,2,2,99,99,99,99,99
YoMC,YoMC,Young MC,1,2,1,99,99,99,99,99
YoungTh,YoungTh,Young Thug,1,2,2,99,99,99,99,99
Yout,Yout,Youth case,1,99,99,99,99,99,99,99
youw,youw,youwhich,1,2,10,99,99,99,99,99
YuNa,YuNa,Yukimi Nagano,1,1,9,99,99,99,99,99
YungE,YungE,Yung Exclusive,1,2,2,99,99,99,99,99
Yung,Yung,Yung Ladd,1,2,2,99,99,99,99,99
Yusu,Yusu,Yusuke Kato,1,2,10,99,99,99,99,99
Yuta,Yuta,Yuta Bandoh,1,2,10,99,99,99,99,99
YuYa,YuYa,Yutaka Yamada,1,2,10,99,99,99,99,99
Zaca,Zaca,Zacari,1,2,2,99,99,99,99,99
ZAYN,ZAYN,ZAYN,1,2,1,99,99,99,99,99
Zedd,Zedd,Zedd,1,2,10,99,99,99,99,99