id,name,type,sex,origin,genre,language,year,tracks,second year
40,40,1,2,7,99,99,99,99,99
Aali,Aalias,1,2,2,99,99,99,99,99
AaronP,Aaron Pearce,1,2,99,99,99,99,99,99
AdamB,Adam Baptiste,1,2,9,99,99,99,99,99
AdamM,Adam Messinger,1,2,7,99,99,99,99,99
AdCa,Adam Cayton,1,2,10,99,99,99,99,99
Adel,Adele,1,1,1,99,99,99,99,99
Adon,Adonis,1,2,2,99,99,99,99,99
ADOR,ADORA,1,1,10,99,99,99,99,99
Adri,Adrienne Anderson,1,1,2,99,99,99,99,99
AdRo,Ad-Rock,1,2,2,99,99,99,99,99
AJJu,AJ Junior,1,2,9,99,99,99,99,99
AlanC,Alan Chang,1,2,2,99,99,99,99,99
AlanP,Alan Parsons,1,2,1,99,99,99,99,99
Albe,Albert Winkler,1,2,99,99,99,99,99,99
Albi,Albin Nedler,1,2,9,99,99,99,99,99
Alexa,Alexander Gowers,1,2,99,99,99,99,99,99
Alexda,Alex da Kid,1,2,1,99,99,99,99,99
AlexDel,Alex Delicata,1,2,2,99,99,99,99,99
AlexDez,Alex Dezen,1,2,2,99,99,99,99,99
AlHa,Alana Haim,1,1,2,99,99,99,99,99
Alja,Alja Jackson,1,1,99,99,99,99,99,99
AlKa,Allison Kaplan,1,1,2,99,99,99,99,99
AlKe,Alicia Keys,1,1,2,99,99,99,99,99
AlLe,Alice and the Glass Lake,1,1,2,99,99,99,99,99
AlMa,Alan Merrill,1,2,2,99,99,99,99,99
AlPa,Ali Payami,1,2,10,99,99,99,99,99
AlSa,Alex Salibian,1,2,2,99,99,99,99,99
AlSo,Alex Sowinski,1,2,7,99,99,99,99,99
AlTa,Ali Tamposi,1,1,2,99,99,99,99,99
Amad,Amadeus,1,2,2,99,99,99,99,99
AMcB,Amanda McBroom,1,1,2,99,99,99,99,99
Amir,Amir Amor,1,2,1,99,99,99,99,99
Amit,Amit Duvdevani,1,2,10,99,99,99,99,99
AmMa,Ammar Malik,1,2,2,99,99,99,99,99
Ammo,Ammo,1,2,2,99,99,99,99,99
AmyFo,Amy Foster-Gillies,1,1,7,99,99,99,99,99
AmyWa,Amy Wadge,1,1,1,99,99,99,99,99
AnAr,Antonina Armato,1,1,2,99,99,99,99,99
AnBr,Andre Brown,1,2,2,99,99,99,99,99
Andre3,André 3000,1,2,2,99,99,99,99,99
AndreL,Andre Lindal,1,2,10,99,99,99,99,99
AndrewCa,Andrew Canton,1,2,2,99,99,99,99,99
AndrewHa,Andrew Harr,1,2,2,99,99,99,99,99
AndrewTo,Andrew Tolman,1,2,2,99,99,99,99,99
AndrewWy,Andrew Wyatt,1,2,2,99,99,99,99,99
AngusY,Angus Young,1,2,1,99,99,99,99,99
AnJa,Andrew Jackson,1,2,1,99,99,99,99,99
Anju,Anjulie,1,1,7,99,99,99,99,99
AnLo,Angel López,1,2,2,99,99,99,99,99
AnTa,Andrew Taggart,1,2,2,99,99,99,99,99
AnthonyB,Anthony Best,1,2,2,99,99,99,99,99
AnthonyM,Anthony Moore,1,2,1,99,99,99,99,99
Anto,Antonio Dixon,1,2,2,99,99,99,99,99
AnWe,Annika Wells,1,1,2,99,99,99,99,99
AnWi,Anna Wise,1,1,2,99,99,99,99,99
Aoki,Steve Aoki,1,2,2,99,99,99,99,99
Arab,Arabian Prince,1,2,2,99,99,99,99,99
AriLe,Ari Levine,1,2,2,99,99,99,99,99
ArRe,Ariel Rechtshaid,1,2,2,99,99,99,99,99
ArtNe,Art Neville,1,2,2,99,99,99,99,99
AshF,Ashton Foster,1,1,2,99,99,99,99,99
AStr,A Strut,1,2,9,99,99,99,99,99
Augu,August Rigo,1,2,7,99,99,99,99,99
Avic,Avicii,1,2,9,99,99,99,99,99
Avri,Avril Lavigne,1,1,7,99,99,99,99,99
AyoT,Ayo The Producer,1,2,2,99,99,99,99,99
B.o.B,B.o.B,1,2,2,99,99,99,99,99
Baby,Babyface,1,2,2,99,99,99,99,99
Back,Backpack,1,2,2,99,99,99,99,99
Bang,Bangladesh,1,2,2,99,99,99,99,99
Bari,Baria Qureshi,1,1,1,99,99,99,99,99
BarryG,Barry Gibb,1,2,1,99,99,99,99,99
Bawh,Barry White,1,2,2,99,99,99,99,99
BeAn,Benny Andersson,1,2,9,99,99,99,99,99
Beat,BeatGeek,1,99,99,99,99,99,99,99
Bebe,Bebe Rexha,1,1,2,99,99,99,99,99
bebl,benny blanco,1,2,2,99,99,99,99,99
Beko,Bēkon,1,2,2,99,99,99,99,99
BenLo,Ben Lovett,1,2,1,99,99,99,99,99
BenMa,Ben Maddahi,1,2,2,99,99,99,99,99
BenMc,Ben McKee,1,2,2,99,99,99,99,99
BenWe,Ben West,1,2,2,99,99,99,99,99
BePa,Benj Pasek,1,2,2,99,99,99,99,99
Berr,Berry Gordy,1,2,2,99,99,99,99,99
BertK,Bert Kalmar,1,2,2,99,99,99,99,99
Beyonc,Beyoncé,1,1,2,99,99,99,99,99
BiCu,Bill Curtis,1,2,2,99,99,99,99,99
BigS,Big Sean,1,2,2,99,99,99,99,99
BillyHa,Billy Hayes,1,2,2,99,99,99,99,99
BillyMa,Billy Mann,1,2,2,99,99,99,99,99
BillySq,Billy Squier,1,2,2,99,99,99,99,99
Bird,Birdman,1,2,2,99,99,99,99,99
BjUl,Björn Ulvaeus,1,2,9,99,99,99,99,99
blac,blackbear,1,2,2,99,99,99,99,99
Bloods,Bloodshy,1,2,9,99,99,99,99,99
Blue,Blue Bear,1,2,1,99,99,99,99,99
BluJ,Blu June,1,1,2,99,99,99,99,99
Bobc,Bobcat,1,2,2,99,99,99,99,99
BobDy,Bob Dylan,1,2,2,99,99,99,99,99
BobRo,Bob Rock,1,2,7,99,99,99,99,99
BoCh,Bobby Chung,1,2,10,99,99,99,99,99
Boi1,Boi-1da,1,2,7,99,99,99,99,99
BoLa,Boris Lanneau,1,2,5,99,99,99,99,99
BONN,BONN,1,2,9,99,99,99,99,99
BonnieM,Bonnie McKee,1,1,2,99,99,99,99,99
Bono,Bono,1,2,10,99,99,99,99,99
BOOT,BOOTS,1,2,2,99,99,99,99,99
Bori,Boris Williams,1,2,5,99,99,99,99,99
Bran,"Brandon ""Blue"" Hamilton",1,2,2,99,99,99,99,99
BrBr,Brody Brown,1,2,2,99,99,99,99,99
BrGr,Brendan Grieve,1,2,1,99,99,99,99,99
BrianEn,Brian Eno,1,2,1,99,99,99,99,99
BrianKe,Brian Kennedy,1,2,2,99,99,99,99,99
BrianLe,Brian Lee,1,2,2,99,99,99,99,99
BrianS,Brian Soko,1,2,10,99,99,99,99,99
BrittanyT,Brittany Tolman,1,1,99,99,99,99,99,99
BrKo,Brock Korsan,1,2,2,99,99,99,99,99
BrMa,Bruno Mars,1,2,2,99,99,99,99,99
BryanAd,Bryan Adams,1,2,7,99,99,99,99,99
Buck,Buck Ram,1,2,2,99,99,99,99,99
BunB,Bun B,1,2,2,99,99,99,99,99
busb,busbee,1,2,2,99,99,99,99,99
Bust,Busta Rhymes,1,2,2,99,99,99,99,99
Butc,Butch Walker,1,2,2,99,99,99,99,99
CaFi,Canei Finch,1,2,2,99,99,99,99,99
CAGM,"Carl ""Groove"" Martin",1,2,2,99,99,99,99,99
Calv,Calvin Harris,1,2,1,99,99,99,99,99
Cam,Cam,1,1,2,99,99,99,99,99
Came,Camela Leierth,1,1,9,99,99,99,99,99
Cand,Candice Pillay,1,1,10,99,99,99,99,99
Card,Cardo,1,2,2,99,99,99,99,99
CarlF,Carl Falk,1,2,9,99,99,99,99,99
CarolinePo,Caroline Polachek,1,1,2,99,99,99,99,99
CarolynLe,Carolyn Leigh,1,1,2,99,99,99,99,99
CCar,C. Carson Parks,1,2,2,99,99,99,99,99
CharlesS,Charles Still,1,2,2,99,99,99,99,99
ChBr,Charles Bradley,1,2,2,99,99,99,99,99
Chec,Cheche Alara,1,2,10,99,99,99,99,99
ChHa,Chester Hansen,1,2,7,99,99,99,99,99
ChillyG,Chilly Gonzales,1,2,7,99,99,99,99,99
ChIn,Chin Injeti,1,2,10,99,99,99,99,99
ChJP,Charlie J. Perry,1,2,1,99,99,99,99,99
ChMe,Christian Medice,1,2,2,99,99,99,99,99
ChrisBec,Christophe Beck,1,2,7,99,99,99,99,99
ChrisBra,Chris Braide,1,2,1,99,99,99,99,99
ChrisBro,Chris Brown,1,2,2,99,99,99,99,99
ChrisCas,Chris Caswell,1,2,2,99,99,99,99,99
ChrisGod,Chris Godbey,1,2,2,99,99,99,99,99
ChrisIv,Chris Ivery,1,2,2,99,99,99,99,99
ChrisMar,Chris Martin,1,2,1,99,99,99,99,99
Chuc,Chucky Thompson,1,2,2,99,99,99,99,99
Cirk,Cirkut,1,2,7,99,99,99,99,99
Clau,Claude Kelly,1,2,2,99,99,99,99,99
Clay,Clay Wells Holley,1,2,99,99,99,99,99,99
Clin,Clinton Sparks,1,2,2,99,99,99,99,99
ClintBa,Clint Ballard,1,2,2,99,99,99,99,99
ClSm,Claydes Smith,1,2,2,99,99,99,99,99
CoMa,Conor Maynard,1,2,1,99,99,99,99,99
Cool,Cool,1,2,2,99,99,99,99,99
Core,Corey Gibson,1,2,99,99,99,99,99,99
Cory,Cory Gunz,1,2,2,99,99,99,99,99
CoyP,Coy Poe,1,2,2,99,99,99,99,99
Craz,Crazy J,1,99,99,99,99,99,99,99
Crys,Crystal Nicole,1,1,2,99,99,99,99,99
Cyri,Cyril Neville,1,2,2,99,99,99,99,99
DaBr,Dan Bryer,1,2,1,99,99,99,99,99
DaBy,David Byron,1,2,1,99,99,99,99,99
DaGu,Dave Guy,1,2,2,99,99,99,99,99
DaHa,Danielle Haim,1,1,2,99,99,99,99,99
Dami,Damian Marley,1,2,10,99,99,99,99,99
Damo,Damon Thomas,1,2,2,99,99,99,99,99
DanHe,Dan Heath,1,2,99,99,99,99,99,99
DaniaMaBi,Dania Maria Birks,1,1,2,99,99,99,99,99
DanielPl,Daniel Platzman,1,2,2,99,99,99,99,99
DanKa,Dan Kanter,1,2,7,99,99,99,99,99
DannyJo,Danny Jones,1,2,1,99,99,99,99,99
DannyW,Danny Wilson,1,2,1,99,99,99,99,99
DanRe,Dan Reynolds,1,2,2,99,99,99,99,99
DanWi,Dan Wilson,1,2,2,99,99,99,99,99
DaPe,Darryl Pearson,1,2,2,99,99,99,99,99
DaPr,Dan Priddy,1,2,1,99,99,99,99,99
Darr,Darren Black,1,2,1,99,99,99,99,99
DarylBr,Daryl Braithwaite,1,2,8,99,99,99,99,99
DaTo,Dado Topić,1,2,10,99,99,99,99,99
DavidBo,David Bowie,1,2,1,99,99,99,99,99
DavidBr,David Brook,1,99,99,99,99,99,99,99
DavidFo,David Foster,1,2,7,99,99,99,99,99
DavidGi,David Gilmour,1,2,1,99,99,99,99,99
DavidGu,David Guetta,1,2,5,99,99,99,99,99
DavidSc,David Schuler,1,2,2,99,99,99,99,99
DavidSn,David Sneddon,1,2,1,99,99,99,99,99
DaWa,Dale Warren,1,2,2,99,99,99,99,99
DDre,Dr. Dre,1,2,2,99,99,99,99,99
DDRo,Don D. Robey,1,2,2,99,99,99,99,99
DDTT,"Dennis ""D.T."" Thomas",1,2,2,99,99,99,99,99
Deke,Deke Richards,1,2,2,99,99,99,99,99
DemJ,Dem Jointz,1,2,2,99,99,99,99,99
dEnA,dEnAun,1,2,2,99,99,99,99,99
Denn,"Dennis ""Aganee"" Jenkins",1,2,2,99,99,99,99,99
DennisLu,Dennis Lussier,1,2,2,99,99,99,99,99
Deta,Detail,1,2,2,99,99,99,99,99
Dick,Dick Smith,1,2,2,99,99,99,99,99
Dino,Dino Zisis,1,2,99,99,99,99,99,99
Dipl,Diplo,1,2,2,99,99,99,99,99
DJBu,DJ Burton,1,2,2,99,99,99,99,99
DJDa,DJ Dahi,1,2,2,99,99,99,99,99
DJFa,DJ Falcon,1,2,5,99,99,99,99,99
DJKh,DJ Khalil,1,2,2,99,99,99,99,99
DJLo,DJ Locksmith,1,2,1,99,99,99,99,99
DJSn,DJ Snake,1,2,5,99,99,99,99,99
DJSw,DJ Swivel,1,2,7,99,99,99,99,99
DJWh,DJ White Shadow,1,2,2,99,99,99,99,99
DMC,D.M.C.,1,2,2,99,99,99,99,99
DMcK,Damian McKee,1,2,1,99,99,99,99,99
DOCS,DOCSKIM,1,2,10,99,99,99,99,99
DoJo,Dominic Jordan,1,2,2,99,99,99,99,99
DORi,Dolores O’Riordan,1,1,10,99,99,99,99,99
DougEF,Doug E. Fresh,1,2,2,99,99,99,99,99
DougiePo,Dougie Poynter,1,2,1,99,99,99,99,99
Dove,Doveman,1,2,2,99,99,99,99,99
Dr.Lu,Dr. Luke,1,2,2,99,99,99,99,99
Drak,Drake,1,2,7,99,99,99,99,99
Dre,Dre,1,2,2,99,99,99,99,99
DreM,Dre Moon,1,2,2,99,99,99,99,99
DVLP,DVLP,1,2,2,99,99,99,99,99
DwSi,Dwayne Simon,1,2,2,99,99,99,99,99
DYSO,DYSON,1,1,1,99,99,99,99,99
EaMu,Eamon Murray,1,2,1,99,99,99,99,99
EaSh,Earl Shelton,1,2,2,99,99,99,99,99
Eddi,"Eddie ""Krack Keys"" Montilla",1,2,2,99,99,99,99,99
EdDr,Ed Drewett,1,2,1,99,99,99,99,99
EdSh,Ed Sheeran,1,2,1,99,99,99,99,99
EgWh,Eg White,1,2,1,99,99,99,99,99
Elij,Elijah Blake,1,2,10,99,99,99,99,99
Elli,Ellie Greenwich,1,1,2,99,99,99,99,99
Elof,Elof Loelv,1,2,9,99,99,99,99,99
ElvinBi,Elvin Bishop,1,2,2,99,99,99,99,99
ElvinSm,Elvin Smith,1,2,1,99,99,99,99,99
EmeliSa,Emeli Sandé,1,1,1,99,99,99,99,99
EmHa,Emile Haynie,1,2,2,99,99,99,99,99
Emin,Eminem,1,2,2,99,99,99,99,99
ErAl,Erik Alcock,1,2,7,99,99,99,99,99
ErBo,Erik Bodin,1,2,9,99,99,99,99,99
Erez,Erez Eisen,1,2,10,99,99,99,99,99
EricBe,Eric Bellinger,1,2,2,99,99,99,99,99
EricCa,Eric Carmen,1,2,2,99,99,99,99,99
EricDa,Eric Dawkins,1,2,2,99,99,99,99,99
EricSt,Eric Stewart,1,2,1,99,99,99,99,99
EricWo,Eric Woolfson,1,2,1,99,99,99,99,99
ErikRe,Erik Reyes-Ortiz,1,2,2,99,99,99,99,99
ErMc,Eric McIntosh,1,2,2,99,99,99,99,99
Erne,Ernest Clark,1,2,2,99,99,99,99,99
ErSe,Erick Sermon,1,2,2,99,99,99,99,99
Eske,Eskeerdo,1,2,2,99,99,99,99,99
Este,Ester Dean,1,1,2,99,99,99,99,99
Feli,Felix Bernard,1,2,2,99,99,99,99,99
Fern,Fernando Garibay,1,2,2,99,99,99,99,99
Fion,Fiona Bevan,1,1,1,99,99,99,99,99
Flip,Flippa,1,2,99,99,99,99,99,99
Fonc,Fonce Mizell,1,2,2,99,99,99,99,99
FoVa,Foy Vance,1,2,1,99,99,99,99,99
Franc,François De Roubaix,1,2,5,99,99,99,99,99
FrankL,Frank Loesser,1,2,2,99,99,99,99,99
FrankOc,Frank Ocean,1,2,2,99,99,99,99,99
FranzS,Franz Schubert,1,2,10,99,99,99,99,99
FranzX,Franz Xaver Gruber,1,2,4,99,99,99,99,99
Fras,Fraser T. Smith,1,2,1,99,99,99,99,99
FrBa,Fred Ball,1,2,10,99,99,99,99,99
FrCo,Frederick Cox,1,2,1,99,99,99,99,99
FreddiePe,Freddie Perren,1,2,2,99,99,99,99,99
Freq,Frequency,1,2,2,99,99,99,99,99
FrFa,Fred Fairbrass,1,2,1,99,99,99,99,99
Frod,Frode Fjellheim,1,2,10,99,99,99,99,99
FrWa,Fredrik Wallin,1,2,9,99,99,99,99,99
FrWr,FredWreck,1,2,10,99,99,99,99,99
Futu,Future,1,2,2,99,99,99,99,99
GaDe,Gaye Delorme,1,2,7,99,99,99,99,99
Gare,Gareth McGrillen,1,2,8,99,99,99,99,99
Garl,Garland Sebastian Mosley,1,2,2,99,99,99,99,99
GarthPo,Garth Porter,1,2,10,99,99,99,99,99
GaryLi,Gary Lightbody,1,2,1,99,99,99,99,99
GeBr,George Brown,1,2,2,99,99,99,99,99
Geof,Geoff Mack,1,2,8,99,99,99,99,99
GeorgeNo,George Nozuka,1,2,2,99,99,99,99,99
GeorgePo,George Porter Jr,1,2,2,99,99,99,99,99
GeorgH,Georg Hólm,1,2,10,99,99,99,99,99
GeRe,Gene Redd,1,2,2,99,99,99,99,99
GeSa,Geoffrey Sarubbi,1,2,2,99,99,99,99,99
GeWi,George Williams,1,2,2,99,99,99,99,99
GianPi,Gian Piero Reverberi,1,2,6,99,99,99,99,99
GiorgioMo,Giorgio Moroder,1,2,6,99,99,99,99,99
GiorgioTu,Giorgio Tuinfort,1,2,10,99,99,99,99,99
GNBo,George Noah Booth,1,2,1,99,99,99,99,99
Grae,Graeme Hogg,1,2,1,99,99,99,99,99
Grah,Graham Edwards,1,2,1,99,99,99,99,99
GrahamGo,Graham Gouldman,1,2,1,99,99,99,99,99
GregKu,Greg Kurstin,1,2,2,99,99,99,99,99
GregWe,Greg Wells,1,2,7,99,99,99,99,99
GuyBe,Guy Berryman,1,2,1,99,99,99,99,99
GuyMa,Guy-Manuel de Homem-Christo,1,2,5,99,99,99,99,99
GwenGo,Gwen Gordy Fuqua,1,1,2,99,99,99,99,99
HarryRu,Harry Ruby,1,2,2,99,99,99,99,99
HarrySi,Harry Simeone,1,2,2,99,99,99,99,99
HarrySt,Harry Styles,1,2,1,99,99,99,99,99
HARV,HARV,1,2,2,99,99,99,99,99
Have,Haven Gillespie,1,2,2,99,99,99,99,99
HaWi,Håkan Wirenstrand,1,2,9,99,99,99,99,99
Haze,HazeBanga,1,2,2,99,99,99,99,99
HenryO,Henry Onorati,1,2,99,99,99,99,99,99
Herb,Herb Rooney J,1,2,2,99,99,99,99,99
Herv,Hervé,1,2,5,99,99,99,99,99
HisN,Hiss Noise,1,2,10,99,99,99,99,99
HitB,Hit-Boy,1,2,2,99,99,99,99,99
Hitmaka,Hitmaka,1,2,2,99,99,99,99,99
hitman,hitman Bang,1,2,10,99,99,99,99,99
HoSt,Homer Steinweiss,1,2,2,99,99,99,99,99
Hugh,Hugh Martin,1,2,2,99,99,99,99,99
Humb,Humberto Gatica,1,2,10,99,99,99,99,99
IDaP,IllaDaProducer,1,2,2,99,99,99,99,99
Imog,Imogen Heap,1,1,1,99,99,99,99,99
Infa,Infamous,1,2,2,99,99,99,99,99
InWr,Ina Wroldsen,1,1,10,99,99,99,99,99
Irvi,Irving Berlin,1,2,10,99,99,99,99,99
J.Fre,J. Fred Coots,1,2,2,99,99,99,99,99
JaAn,Jack Antonoff,1,2,2,99,99,99,99,99
JaBl,James Blake,1,2,1,99,99,99,99,99
JaBo,Janez Boncina,1,2,10,99,99,99,99,99
Jacknife,Jacknife Lee,1,2,10,99,99,99,99,99
Jaco,Jacob Luttrell,1,2,99,99,99,99,99,99
Jada,Jadakiss,1,2,2,99,99,99,99,99
JaFa,James Fauntleroy,1,2,2,99,99,99,99,99
JaHa,Jamie Hartman,1,2,1,99,99,99,99,99
JaHo,Jake Hooker,1,2,2,99,99,99,99,99
JaJe,Jakob Jerlstroem,1,2,9,99,99,99,99,99
JamesBa,James Bauer-Mein,1,2,1,99,99,99,99,99
JamesLo,James Lord Pierpont,1,2,2,99,99,99,99,99
Jamiex,Jamie xx,1,2,1,99,99,99,99,99
JannAr,Jann Arden,1,1,7,99,99,99,99,99
JaSc,Jamie Scott,1,2,1,99,99,99,99,99
JaSw,Jahaan Sweet,1,2,2,99,99,99,99,99
JaTo,Jake Torrey,1,2,2,99,99,99,99,99
JayLi,Jay Livingston,1,2,2,99,99,99,99,99
JayW.J,Jay W. Johnson,1,2,2,99,99,99,99,99
JAYZ,JAY-Z,1,2,2,99,99,99,99,99
JBo,J-Bo,1,2,2,99,99,99,99,99
JeAt,Jérôme Attal,1,2,5,99,99,99,99,99
JeBh,Jeff Bhasker,1,2,2,99,99,99,99,99
JeffBa,Jeff Barry,1,2,2,99,99,99,99,99
JeffLy,Jeff Lynne,1,2,1,99,99,99,99,99
JeffSi,Jeff Silverman,1,2,2,99,99,99,99,99
JeMa,Jean Matyka,1,2,2,99,99,99,99,99
Jepp,Jeppe Laursen,1,2,10,99,99,99,99,99
JeRe,Jessie Reyez,1,1,7,99,99,99,99,99
JeRu,Jeremy Ruzumna,1,2,2,99,99,99,99,99
JeRv,Jeremy Reeves,1,2,2,99,99,99,99,99
JeWa,Jessie Ware,1,1,1,99,99,99,99,99
JHar,JHart,1,2,1,99,99,99,99,99
jhop,j-hope,1,2,10,99,99,99,99,99
JiGi,Jimmy Giannos,1,2,2,99,99,99,99,99
JimI,Jim Irvin,1,2,1,99,99,99,99,99
Jimm,Jimmy Joker,1,2,10,99,99,99,99,99
JimmieGr,Jimmie Grier,1,2,2,99,99,99,99,99
JimmyVa,Jimmy Van Heusen,1,2,2,99,99,99,99,99
JimVa,Jim Vallance,1,2,7,99,99,99,99,99
JiNa,Jimmy Napes,1,2,1,99,99,99,99,99
JINB,JINBO,1,2,10,99,99,99,99,99
JiWa,Jim Walters,1,2,2,99,99,99,99,99
JoanJa,Joan Javits,1,1,2,99,99,99,99,99
JoanJe,Joan Jett,1,1,2,99,99,99,99,99
JoCo,Jonny Coffer,1,2,1,99,99,99,99,99
JoelLi,Joel Little,1,2,10,99,99,99,99,99
JoeWa,Joe Walsh,1,2,2,99,99,99,99,99
JoeyCh,Joey Chavez,1,2,2,99,99,99,99,99
JoFl,Johnny Flippin,1,2,2,99,99,99,99,99
JohanCa,Johan Carlsson,1,2,9,99,99,99,99,99
JohnFr,John Freeman Young,1,2,2,99,99,99,99,99
JohnHe,John Henry Hopkins Jr.,1,2,2,99,99,99,99,99
JohnHi,John Hill,1,2,2,99,99,99,99,99
JohnLe,John Legend,1,2,2,99,99,99,99,99
JohnMa,John Mayer,1,2,2,99,99,99,99,99
JohnMe,John Meredith Wicks,1,2,2,99,99,99,99,99
JohnnyMa,Johnny Marks,1,2,2,99,99,99,99,99
JohnnyMc,Johnny McDaid,1,2,1,99,99,99,99,99
JohnnyMo,Johnny Moore,1,2,2,99,99,99,99,99
JohnnyRi,Johnny Richards,1,2,2,99,99,99,99,99
JohnWi,John Wilson,1,2,2,99,99,99,99,99
JoIn,Jon Ingoldsby,1,2,2,99,99,99,99,99
JoLu,Joyner Lucas,1,2,2,99,99,99,99,99
Jonatha,Jonatha Brooke,1,1,2,99,99,99,99,99
JonBe,Jon Bellion,1,2,2,99,99,99,99,99
JonHo,Jon Hopkins,1,2,1,99,99,99,99,99
JonK,Jon Keep,1,2,1,99,99,99,99,99
JonnyBu,Jonny Buckland,1,2,1,99,99,99,99,99
JonnyGr,Jonny Griffen,1,2,1,99,99,99,99,99
Jóns,Jónsi,1,2,10,99,99,99,99,99
JordanUl,Jordan Ullman,1,2,7,99,99,99,99,99
JoRy,John Ryan,1,2,2,99,99,99,99,99
JoSc,Joe Scott,1,2,2,99,99,99,99,99
JoseF,José Feliciano,1,2,10,99,99,99,99,99
JosefMy,Josef Myrow,1,2,10,99,99,99,99,99
JosephMod,Joseph Modeliste,1,2,2,99,99,99,99,99
JosephMoh,Joseph Mohr,1,2,10,99,99,99,99,99
Josh,Joshua Lopez,1,2,99,99,99,99,99,99
JoshMo,Josh Mosser,1,2,99,99,99,99,99,99
JoYi,Jonathan Yip,1,2,2,99,99,99,99,99
JRCo,John Richard Cornwall,1,2,8,99,99,99,99,99
JRoc,J-Roc,1,2,2,99,99,99,99,99
JuBl,Just Blaze,1,2,2,99,99,99,99,99
JuBu,Julian Bunetta,1,2,2,99,99,99,99,99
Juic,Juicy J,1,2,2,99,99,99,99,99
Jule,Jule Styne,1,2,1,99,99,99,99,99
JulianCa,Julian Casablancas,1,2,2,99,99,99,99,99
JulienAr,Julien Arias,1,2,5,99,99,99,99,99
JuMi,Julia Michaels,1,1,2,99,99,99,99,99
JuPa,Justin Paul,1,2,2,99,99,99,99,99
JustinBi,Justin Bieber,1,2,7,99,99,99,99,99
JustinPa,Justin Parker,1,2,1,99,99,99,99,99
JustinTi,Justin Timberlake,1,2,2,99,99,99,99,99
JusV,Justin Vernon,1,2,2,99,99,99,99,99
Juve,Juvenile,1,2,2,99,99,99,99,99
KaLa,Katia Landreas,1,1,5,99,99,99,99,99
Kand,Kandi,1,1,2,99,99,99,99,99
KASS,KASS,1,2,10,99,99,99,99,99
Kath,Katherine Kennicott Davis,1,1,2,99,99,99,99,99
KatyPe,Katy Perry,1,1,2,99,99,99,99,99
Kave,Kaveh Rastegar,1,2,7,99,99,99,99,99
KayGe,Kay Gee,1,2,2,99,99,99,99,99
KAYT,KAYTRANADA,1,2,10,99,99,99,99,99
KeBr,Kevin Briggs,1,2,2,99,99,99,99,99
KeGo,Kevin Gomringer,1,2,10,99,99,99,99,99
KeHe,Ken Hensley,1,2,1,99,99,99,99,99
KeLa,Kendrick Lamar,1,2,2,99,99,99,99,99
KellyCl,Kelly Clarkson,1,1,2,99,99,99,99,99
KellyLu,Kelly Lumpkins,1,1,99,99,99,99,99,99
Keno,Ke'noe,1,2,2,99,99,99,99,99
Kesi,Kesi Dryden,1,2,1,99,99,99,99,99
KevinCol,"Kevin ""Colione"" Crowe",1,2,2,99,99,99,99,99
KevinCos,Kevin Cossom,1,2,2,99,99,99,99,99
KevinMc,Kevin McCall,1,2,2,99,99,99,99,99
KevinRa,Kevin Randolph,1,2,99,99,99,99,99,99
KeYW,KeY Wane,1,2,2,99,99,99,99,99
KiGi,King Gizmo,1,2,2,99,99,99,99,99
KiHa,Kid Harpoon,1,2,1,99,99,99,99,99
KimFo,Kim Fowley,1,2,2,99,99,99,99,99
KimG,Kim Gannon,1,2,2,99,99,99,99,99
Kjar,Kjartan Sveinsson,1,2,10,99,99,99,99,99
Klas,Klas Åhlund,1,2,9,99,99,99,99,99
Knan,K'naan,1,2,10,99,99,99,99,99
Kook,Jung Kook,1,2,10,99,99,99,99,99
Kool,Kool Kojak,1,2,2,99,99,99,99,99
Kris,Kristian Lundin,1,2,9,99,99,99,99,99
KristenAn,Kristen Anderson-Lopez,1,1,2,99,99,99,99,99
Labr,Labrinth,1,2,1,99,99,99,99,99
LadyGa,Lady Gaga,1,1,2,99,99,99,99,99
LaMa,LaMar Seymour,1,99,99,99,99,99,99,99
Lana,Lana Del Rey,1,1,2,99,99,99,99,99
LaNe,LaNelle Seymour,1,99,99,99,99,99,99,99
LarryMi,Larry Mizell,1,2,2,99,99,99,99,99
LaSm,Larry Smith,1,2,2,99,99,99,99,99
LauraGi,Laura Giordano,1,1,99,99,99,99,99,99
LaurenC,Lauren Christy,1,1,1,99,99,99,99,99
Laurence,Laurence Tolhurst,1,2,1,99,99,99,99,99
Leig,Leigh Harline,1,2,2,99,99,99,99,99
LeMi,Leon Michels,1,2,2,99,99,99,99,99
LeoNo,Leo Nocentelli,1,2,2,99,99,99,99,99
LeWh,Leland Whitty,1,2,7,99,99,99,99,99
LiamPa,Liam Payne,1,2,1,99,99,99,99,99
LiBa,Liam Bailey,1,2,1,99,99,99,99,99
LiGo,Lisa Gomamoto,1,1,10,99,99,99,99,99
LilW,Lil Wayne,1,2,2,99,99,99,99,99
Lily,Lily Allen,1,1,1,99,99,99,99,99
Lind,Lindy Robbins,1,1,2,99,99,99,99,99
LiOw,Liza Owen,1,1,1,99,99,99,99,99
Livv,Livvi Franc,1,1,1,99,99,99,99,99
LizRod,Liz Rodrigues,1,1,7,99,99,99,99,99
LizRos,Liz Rose,1,1,2,99,99,99,99,99
LLCJ,LL Cool J,1,2,2,99,99,99,99,99
LMJr,Larry Mullen Jr.,1,2,10,99,99,99,99,99
Loll,Lolly Vegas,1,2,2,99,99,99,99,99
Lone,Lonestarrmuzik,1,2,2,99,99,99,99,99
loph,lophiile,1,2,2,99,99,99,99,99
Lord,Lord Burgess,1,2,2,99,99,99,99,99
Lorde,Lorde,1,1,10,99,99,99,99,99
LosD,Los Da Mystro,1,2,2,99,99,99,99,99
LouB,Lou Baxter,1,2,2,99,99,99,99,99
LouisTo,Louis Tomlinson,1,2,1,99,99,99,99,99
LP,LP,1,1,2,99,99,99,99,99
Luda,Ludacris,1,2,2,99,99,99,99,99
LuRa,Luther Rabb,1,2,2,99,99,99,99,99
LuRe,Luis Resto,1,2,2,99,99,99,99,99
Lyri,Lyrica Anderson,1,1,2,99,99,99,99,99
MaAc,Masta Ace,1,2,2,99,99,99,99,99
MaAt,Maki Athanasiou,1,2,2,99,99,99,99,99
MaBa,Marc Batson,1,2,2,99,99,99,99,99
MackG,Mack Gordon,1,2,2,99,99,99,99,99
MackM,Mack Maine,1,2,2,99,99,99,99,99
MaCr,Mark Crew,1,2,1,99,99,99,99,99
Made,Madeon,1,2,5,99,99,99,99,99
MaDi,Matt Dike,1,2,2,99,99,99,99,99
Maej,Maejor,1,2,2,99,99,99,99,99
MaFr,Mannie Fresh,1,2,2,99,99,99,99,99
Magn,Magnus Lidehäll,1,2,9,99,99,99,99,99
MaJa,Matthew Jacobson,1,2,2,99,99,99,99,99
MaLa,Mattias Larsson,1,2,9,99,99,99,99,99
MalcomYo,Malcolm Young,1,2,1,99,99,99,99,99
Malo,Malory,1,2,10,99,99,99,99,99
MarcG,Marc Gay,1,2,2,99,99,99,99,99
Marcos,Marcos Palacios,1,2,2,99,99,99,99,99
MarcusMa,"Marcus ""Max"" Boyd",1,2,2,99,99,99,99,99
MarcusMu,Marcus Mumford,1,2,2,99,99,99,99,99
MaRe,Mario Resto,1,2,10,99,99,99,99,99
MariahC,Mariah Carey,1,1,2,99,99,99,99,99
MarkJa,Mark James,1,2,2,99,99,99,99,99
MarkRo,Mark Ronson,1,2,2,99,99,99,99,99
MaTA,Matthew Tavares,1,2,7,99,99,99,99,99
MaTi,Matthew Tishler,1,2,7,99,99,99,99,99
Matt,Matt Squire,1,2,2,99,99,99,99,99
MatthewDe,Matthew DelGiorno,1,2,99,99,99,99,99,99
MattPr,Matt Prime,1,2,1,99,99,99,99,99
MaxM,Max Martin,1,2,9,99,99,99,99,99
Mayn,Mayne Zane,1,2,2,99,99,99,99,99
MCA,MCA,1,2,2,99,99,99,99,99
MCJB,MC JB,1,99,99,99,99,99,99,99
MdL,MdL,1,2,2,99,99,99,99,99
MeJF,Melanie Joy Fontana,1,1,2,99,99,99,99,99
MelT,Mel Tormé,1,2,2,99,99,99,99,99
Melv,Melvin Hough,1,2,99,99,99,99,99,99
Mere,Meredith Willson,1,2,2,99,99,99,99,99
MiBu,Michael Burton,1,2,2,99,99,99,99,99
MichaelBu,Michael Bublé,1,2,7,99,99,99,99,99
MichaelJa,Michael Jackson,1,2,2,99,99,99,99,99
Migu,Miguel,1,2,2,99,99,99,99,99
MiHe,Mike Hector,1,2,2,99,99,99,99,99
MiJe,Mick Jenkins,1,2,2,99,99,99,99,99
MikeAi,Mike Aiello,1,2,99,99,99,99,99,99
MikeCar,Mike Caren,1,2,2,99,99,99,99,99
MikeDal,Mike Daly,1,2,2,99,99,99,99,99
MikeJon,Mike Jones,1,2,2,99,99,99,99,99
MikePos,Mike Posner,1,2,2,99,99,99,99,99
MikeSt,Mike Strange,1,2,2,99,99,99,99,99
MikeWiL,Mike WiLL Made-It,1,2,2,99,99,99,99,99
Mikke,Mikkel Storleer Eriksen,1,2,10,99,99,99,99,99
Mikky,Mikky Ekko,1,2,2,99,99,99,99,99
MiNe,Mike Needle,1,2,1,99,99,99,99,99
Mios,Miossec,1,2,5,99,99,99,99,99
MiRo,Mitch Rowland,1,2,2,99,99,99,99,99
Mitchum,Mitchum Chin,1,2,10,99,99,99,99,99
Mlay,Malay,1,2,2,99,99,99,99,99
MLBr,Martin Luke Brown,1,2,1,99,99,99,99,99
MNEK,MNEK,1,2,1,99,99,99,99,99
Moze,Mozella,1,1,2,99,99,99,99,99
MPha,M-Phazes,1,2,8,99,99,99,99,99
MStB,Menahan Street Band,1,2,2,99,99,99,99,99
MyWi,Myles William,1,2,2,99,99,99,99,99
NaPa,Nai Palm,1,1,8,99,99,99,99,99
Nas,Nas,1,2,2,99,99,99,99,99
Nasr,Nasri,1,2,7,99,99,99,99,99
NateRu,Nate Ruess,1,2,2,99,99,99,99,99
NathanC,Nathan Cassells,1,2,1,99,99,99,99,99
NedW,Ned Washington,1,2,2,99,99,99,99,99
Need,Needlz,1,2,2,99,99,99,99,99
NeYo,Ne-Yo,1,2,2,99,99,99,99,99
NiallHo,Niall Horan,1,2,1,99,99,99,99,99
NickMa,Nick Mason,1,2,1,99,99,99,99,99
NickMo,Nick Monson,1,2,2,99,99,99,99,99
NickMov,Nick Movshon,1,2,2,99,99,99,99,99
NickolasAs,Nickolas Ashford,1,2,2,99,99,99,99,99
NickTu,Nick Turpin,1,2,99,99,99,99,99,99
NickyR,Nicky Romero,1,2,10,99,99,99,99,99
NicolasMe,Nicolas Mercier,1,2,5,99,99,99,99,99
NiDu,Niamh Dunne,1,2,10,99,99,99,99,99
NileRo,Nile Rodgers,1,2,2,99,99,99,99,99
NiMi,Nicki Minaj,1,1,10,99,99,99,99,99
Nius,Nius,1,2,5,99,99,99,99,99
NoAo,Norio Aono,1,2,10,99,99,99,99,99
NoCo,Noah Conrad,1,2,2,99,99,99,99,99
NoI.D.,No I.D.,1,2,2,99,99,99,99,99
Norm,Norman Greenbaum,1,2,2,99,99,99,99,99
OAK,OAK,1,2,10,99,99,99,99,99
OGRo,OG Rocker,1,99,99,99,99,99,99,99
Oliv,Oliver Sim,1,2,1,99,99,99,99,99
OliverFr,Oliver Frank,1,99,99,99,99,99,99,99
Omen,Omen (Producer),1,2,2,99,99,99,99,99
OnCu,OnCue,1,2,2,99,99,99,99,99
ONHE,ONHEL,1,2,2,99,99,99,99,99
OrGa,Orla Gartland,1,1,10,99,99,99,99,99
Orri,Orri Páll Dýrason,1,2,10,99,99,99,99,99
Orvi,Orville Mcwhinney,1,2,99,99,99,99,99,99
OsHo,Oscar Holter,1,2,9,99,99,99,99,99
OZGO,OZGO,1,2,9,99,99,99,99,99
P.Did,P. Diddy,1,2,2,99,99,99,99,99
PaBe,Paul Bender,1,2,8,99,99,99,99,99
Park,Parker Ighile,1,2,1,99,99,99,99,99
PaRo,Paul Rosenberg,1,2,2,99,99,99,99,99
PatrickJQ,"Patrick ""J. Que"" Smith",1,2,2,99,99,99,99,99
PatrickPe,Patrick Pentland,1,2,1,99,99,99,99,99
PatrickSt,Patrick Stump,1,2,2,99,99,99,99,99
PaulEp,Paul Epworth,1,2,1,99,99,99,99,99
PaulJa,"Paul Jackson, Jr.",1,2,2,99,99,99,99,99
PaulMe,Paul Meehan,1,2,1,99,99,99,99,99
PaulWi,Paul Williams,1,2,2,99,99,99,99,99
PDBu,Pierre Dominique Burgaud,1,2,5,99,99,99,99,99
PDog,PDogg,1,2,10,99,99,99,99,99
PeMo,Perrin Moss,1,2,8,99,99,99,99,99
Penn,Penny Foster,1,1,1,99,99,99,99,99
PeterAl,Peter Allen,1,2,8,99,99,99,99,99
PeterSv,Peter Svensson,1,2,9,99,99,99,99,99
PeterWa,Peter Wallevik,1,2,10,99,99,99,99,99
PeUg,Pero Ugrin,1,2,10,99,99,99,99,99
Phar,Pharrell Williams,1,2,2,99,99,99,99,99
PhilipS,Philip Springer,1,2,2,99,99,99,99,99
PhilSp,Phil Spector,1,2,2,99,99,99,99,99
PhLa,Philip Lawrence,1,2,2,99,99,99,99,99
Phre,Phredley Brown,1,2,2,99,99,99,99,99
Pier,Piers Agget,1,2,1,99,99,99,99,99
PiJo,Pierre Jouishomme,1,2,5,99,99,99,99,99
Pink,P!nk,1,1,2,99,99,99,99,99
Pinky,Pinky Tomlin,1,2,2,99,99,99,99,99
PJTe,Phillip James Terry,1,2,2,99,99,99,99,99
Plus,Pluss,1,2,2,99,99,99,99,99
PMD,PMD,1,2,2,99,99,99,99,99
PoBe,Poo Bear,1,2,2,99,99,99,99,99
Polin,POLINA,1,1,10,99,99,99,99,99
Polly,Polly Samson,1,1,1,99,99,99,99,99
Polo,Polow da Don,1,2,2,99,99,99,99,99
PopW,Pop Wansel,1,2,2,99,99,99,99,99
Porc,Porcelain Black,1,1,2,99,99,99,99,99
Porl,Porl Thompson,1,2,1,99,99,99,99,99
Prisc,Priscilla Renea,1,1,2,99,99,99,99,99
PYLe,Pierre Yves Lebert,1,2,5,99,99,99,99,99
RABO,RAT BOY,1,2,1,99,99,99,99,99
RaCh,Ra Charm,1,2,2,99,99,99,99,99
RalphB,Ralph Blane,1,2,2,99,99,99,99,99
Rami,Rami,1,2,9,99,99,99,99,99
Ranc,Rance,1,2,2,99,99,99,99,99
RandyNe,Randy Newman,1,2,2,99,99,99,99,99
Rans,Ransom,1,2,2,99,99,99,99,99
RaRo,Ray Romulus,1,2,2,99,99,99,99,99
RayE,Ray Evans,1,2,2,99,99,99,99,99
RayR,Rey Reel,1,2,2,99,99,99,99,99
RedO,RedOne,1,2,10,99,99,99,99,99
ReJa,Reuben James,1,2,1,99,99,99,99,99
ReRu,Rev Run,1,2,2,99,99,99,99,99
ReSp,Regina Spektor,1,1,10,99,99,99,99,99
RichardB,Richard B. Smith,1,2,2,99,99,99,99,99
RichardWr,Richard Wright,1,2,1,99,99,99,99,99
RickCu,Rick Cunningham,1,99,99,99,99,99,99,99
RickNo,Rick Nowels,1,2,2,99,99,99,99,99
RickRo,Rick Ross,1,2,2,99,99,99,99,99
RickRu,Rick Rubin,1,2,2,99,99,99,99,99
RiFa,Richard Fairbrass,1,2,1,99,99,99,99,99
Riha,Rihanna,1,1,10,99,99,99,99,99
RiRI,Ricci Riera,1,2,2,99,99,99,99,99
Rive,Rivelino,1,99,99,99,99,99,99,99
RiWe,Ricky West,1,2,2,99,99,99,99,99
RKel,R. Kelly,1,2,2,99,99,99,99,99
RM,RM,1,2,10,99,99,99,99,99
RMDJ,Ray Michael Djan Jr,1,2,1,99,99,99,99,99
RnBM,Rag 'n' Bone Man,1,2,1,99,99,99,99,99
RNUF,"Ron ""NEFF-U"" Feemster",1,2,2,99,99,99,99,99
RobertBu,Robert Burns,1,2,1,99,99,99,99,99
RobertLo,Robert Lopez,1,2,2,99,99,99,99,99
RobertSm,Robert Smith,1,2,1,99,99,99,99,99
RobertWe,Robert Wells,1,2,2,99,99,99,99,99
RobHo,Rob Holladay,1,2,2,99,99,99,99,99
RobinGi,Robin Gibb,1,2,1,99,99,99,99,99
RobKn,Rob Knox,1,2,2,99,99,99,99,99
RobSw,Rob Swire,1,2,8,99,99,99,99,99
RoCa,Roman Campolo,1,2,2,99,99,99,99,99
RodAr,Rod Argent,1,2,1,99,99,99,99,99
Rodn,Rodney Jerkins,1,2,2,99,99,99,99,99
RodS,Rod Stewart,1,2,1,99,99,99,99,99
RoFr,Robin Fredriksson,1,2,9,99,99,99,99,99
Roge,Roger O'Donell,1,2,1,99,99,99,99,99
RoKB,"Robert ""Kool"" Bell",1,2,2,99,99,99,99,99
RoMa,Rob Manzoli,1,2,1,99,99,99,99,99
Romy,Romy,1,1,1,99,99,99,99,99
RonJ,Ronny J,1,2,2,99,99,99,99,99
Roqu,Roquel “Billy” Davis,1,2,2,99,99,99,99,99
RoSM,Robert Spike Mickens,1,2,2,99,99,99,99,99
RoSp,Rollo Spreckley,1,2,1,99,99,99,99,99
Ross,Ross Golan,1,2,2,99,99,99,99,99
RoTr,Roger Troutman,1,2,2,99,99,99,99,99
Royc,"Royce da 5'9""",1,2,2,99,99,99,99,99
Rupe,Rupert Holmes,1,2,2,99,99,99,99,99
RuthAn,RuthAnne,1,1,10,99,99,99,99,99
RyLe,Ryan Lewis,1,2,2,99,99,99,99,99
RyNa,Ryan Nasci,1,2,2,99,99,99,99,99
RyTe,Ryan Tedder,1,2,2,99,99,99,99,99
Sach,Sacha Skarbek,1,2,1,99,99,99,99,99
SaDe,Sam Dew,1,2,2,99,99,99,99,99
SaHa,Samantha Harper,1,1,1,99,99,99,99,99
Sain,Saint Cassius,1,2,2,99,99,99,99,99
SaKl,Sam Klempner,1,2,1,99,99,99,99,99
SAKP,SAK PASE,1,2,2,99,99,99,99,99
SamH,Sam Harris,1,2,2,99,99,99,99,99
SamHo,Sam Hollander,1,2,2,99,99,99,99,99
SammyC,Sammy Cahn,1,2,2,99,99,99,99,99
SamSm,Sam Smith,1,3,1,99,99,99,99,99
Sand,Sandy Vee,1,2,5,99,99,99,99,99
SarahHu,Sarah Hudson,1,1,2,99,99,99,99,99
SarahJa,Sarah Jaffe,1,1,2,99,99,99,99,99
Sava,Savan Kotecha,1,2,2,99,99,99,99,99
SBoi,Supreme Boi,1,2,10,99,99,99,99,99
Scho,Schoolly D,1,2,2,99,99,99,99,99
ScJo,Scram Jones,1,2,2,99,99,99,99,99
Scot,Scott Spock,1,2,2,99,99,99,99,99
ScottyWi,Scotty Wiseman,1,2,2,99,99,99,99,99
Shel,Shellback,1,2,9,99,99,99,99,99
Shep,Shep Solomon,1,2,2,99,99,99,99,99
Shon,Shontelle,1,1,10,99,99,99,99,99
Shyn,Shyne,1,2,10,99,99,99,99,99
Sia,Sia,1,1,8,99,99,99,99,99
SiMa,Simon Mavin,1,2,8,99,99,99,99,99
SimonAl,Simon Aldred,1,2,1,99,99,99,99,99
SimonGa,Simon Gallup,1,2,1,99,99,99,99,99
SirN,Sir Nolan,1,2,2,99,99,99,99,99
SJKy,Song Jae Kyung,1,2,10,99,99,99,99,99
Skyl,Skylar Grey,1,1,2,99,99,99,99,99
Slic,Slick Rick,1,2,2,99,99,99,99,99
Smok,Smokey Robinson,1,2,2,99,99,99,99,99
SMSu,Shin Myeong Su,1,2,10,99,99,99,99,99
Sniz,Snizzy,1,99,99,99,99,99,99,99
SoFL,SoFLY,1,2,5,99,99,99,99,99
Sone,S1,1,2,2,99,99,99,99,99
Sool,Sool Got Hits,1,2,99,99,99,99,99,99
Sosa,Candace Sosa,1,1,2,99,99,99,99,99
Soundz,Soundz,1,2,2,99,99,99,99,99
Sounw,Sounwave,1,2,2,99,99,99,99,99
SPag,S. Pages Mehner,1,99,99,99,99,99,99,99
SRab,Slow Rabbit,1,2,10,99,99,99,99,99
Stac,Stacy Barthe,1,1,2,99,99,99,99,99
StAn,Stig Anderson,1,2,9,99,99,99,99,99
StanVi,Stan Vincent,1,2,2,99,99,99,99,99
StEa,Steve Earle,1,2,2,99,99,99,99,99
StephenHa,Stephen Hacker,1,2,99,99,99,99,99,99
SteveDa,Steve Daly,1,2,1,99,99,99,99,99
SteveGu,Steve Guess,1,2,99,99,99,99,99,99
SteveMa,Steve Mac,1,2,1,99,99,99,99,99
SteveNe,Steve Nelson,1,2,2,99,99,99,99,99
StevenSa,Steven Sater,1,2,2,99,99,99,99,99
SteveRo,Steve Robson,1,2,1,99,99,99,99,99
SteveWy,Steve Wyreman,1,2,99,99,99,99,99,99
StGr,Stan Graham,1,2,2,99,99,99,99,99
StLa,Steve Lacy,1,2,2,99,99,99,99,99
STRE,STREETRUNNER,1,2,2,99,99,99,99,99
SUGA,SUGA,1,2,10,99,99,99,99,99
SunR,Sun Ra,1,2,2,99,99,99,99,99
Supa,Supa Dups,1,2,10,99,99,99,99,99
SwAl,Swish Allnet,1,2,2,99,99,99,99,99
TayKe,Tay Keith,1,2,2,99,99,99,99,99
Tayl,Taylor Swift,1,1,2,99,99,99,99,99
Tcha,Tchami,1,2,5,99,99,99,99,99
Tebe,Tebey,1,2,7,99,99,99,99,99
Tech,Tech N9ne,1,2,2,99,99,99,99,99
Tedd,Teddy Geiger,1,1,2,99,99,99,99,99
TedDw,Ted Dwane,1,2,1,99,99,99,99,99
TeddyS,Teddy Sky,1,2,10,99,99,99,99,99
TeMa,Terrace Martin,1,2,2,99,99,99,99,99
Terr,Terrance Stubbs,1,2,2,99,99,99,99,99
TeWa,Teddy Walton,1,2,2,99,99,99,99,99
ThBr,Thomas Brenneck,1,2,2,99,99,99,99,99
TheAl,The Alchemist,1,2,2,99,99,99,99,99
TheDr,The-Dream,1,2,2,99,99,99,99,99
TheEdg,The Edge,1,2,10,99,99,99,99,99
TheNo,The Notorious B.I.G,1,2,2,99,99,99,99,99
Ther,Theron Thomas,1,2,2,99,99,99,99,99
Thom,Thomas Bangalter,1,2,5,99,99,99,99,99
TI,T.I.,1,2,2,99,99,99,99,99
TiGo,Tim Gomringer,1,2,10,99,99,99,99,99
TiJa,Tim James,1,2,2,99,99,99,99,99
Timb,Timbaland,1,2,2,99,99,99,99,99
TimLa,Tim Larcombe,1,2,1,99,99,99,99,99
TimMi,Tim Miner,1,2,2,99,99,99,99,99
TimothyT,Timothy Thomas,1,2,2,99,99,99,99,99
TIPu,Two Inch Punch,1,2,1,99,99,99,99,99
TiSu,Tim Suby,1,2,2,99,99,99,99,99
TJJr,Tobias Jesso Jr.,1,2,7,99,99,99,99,99
TLJr,Trevor Lawrence Jr,1,2,2,99,99,99,99,99
TMin,T-Minus,1,2,7,99,99,99,99,99
TobyG,Toby Gad,1,2,3,99,99,99,99,99
TobySm,Toby Smith,1,2,1,99,99,99,99,99
ToCh,Tommy Chong,1,2,2,99,99,99,99,99
ToDa,Top Dawg,1,2,2,99,99,99,99,99
ToddEd,Todd Edwards,1,2,2,99,99,99,99,99
TomFl,Tom Fletcher,1,2,1,99,99,99,99,99
TomJa,Tom Jackson,1,2,7,99,99,99,99,99
TomMe,Tom Meredith,1,2,99,99,99,99,99,99
TommyLe,Tommy Lee James,1,2,2,99,99,99,99,99
TommyP.G,Tommy P. Gregersen,1,2,99,99,99,99,99,99
TommyPa,Tommy Parker,1,2,2,99,99,99,99,99
TomPe,Tom Petty,1,2,2,99,99,99,99,99
Tony,Tony Springer,1,2,10,99,99,99,99,99
TonyMi,Tony Mitchell,1,2,8,99,99,99,99,99
TooSh,TooShort,1,2,2,99,99,99,99,99
TorE,Tor Erik Hermansen,1,2,10,99,99,99,99,99
ToSt,Tom Sturges,1,2,5,99,99,99,99,99
Tour,Tourist,1,2,1,99,99,99,99,99
TPai,T-Pain,1,2,2,99,99,99,99,99
Trac,Traci Hale,1,1,2,99,99,99,99,99
Trav,Travis Sayles,1,2,99,99,99,99,99,99
Travish,Tavish Graham,1,99,99,99,99,99,99,99
Trea,Treach,1,2,2,99,99,99,99,99
Tric,Tricky Stewart,1,2,2,99,99,99,99,99
TTHa,"Tameka ""Tiny"" Harris",1,1,2,99,99,99,99,99
Twis,Twista,1,2,2,99,99,99,99,99
TyJo,Tyler Johnson,1,2,2,99,99,99,99,99
TyKe,Tyrone Kelsie,1,1,2,99,99,99,99,99
Ursu,Ursula Yancy,1,2,2,99,99,99,99,99
ValerieSi,Valerie Simpson,1,1,2,99,99,99,99,99
VincentPo,Vincent Pontare,1,2,9,99,99,99,99,99
Vinn,Vinny Venditto,1,2,2,99,99,99,99,99
VinRo,Vin Rock,1,2,2,99,99,99,99,99
WallyBr,Wally Bryson,1,2,2,99,99,99,99,99
WalterAf,Walter Afanasieff,1,2,10,99,99,99,99,99
WalterKe,Walter Kent,1,2,2,99,99,99,99,99
WalterMu,Walter Murphy,1,2,2,99,99,99,99,99
WalterRo,Walter Rollins,1,2,2,99,99,99,99,99
WayneHe,Wayne Hector,1,2,1,99,99,99,99,99
WayneSe,Wayne Sermon,1,2,2,99,99,99,99,99
WillCh,Will Champion,1,2,1,99,99,99,99,99
william,will i am,1,2,2,99,99,99,99,99
WilliamAt,William Attaway,1,2,2,99,99,99,99,99
WillyWi,Willy Will,1,2,2,99,99,99,99,99
Wins,Winston Marshall,1,2,1,99,99,99,99,99
Wolf,Wolfgang Düren,1,2,3,99,99,99,99,99
Wond,9th Wonder,1,2,2,99,99,99,99,99
YEBB,YEBBA,1,1,2,99,99,99,99,99
Yode,Yodelice,1,2,5,99,99,99,99,99
YoGu,Yoon Guitar,1,2,10,99,99,99,99,99
YoMC,Young MC,1,2,1,99,99,99,99,99
Youn,Young Fyre,1,2,2,99,99,99,99,99
YuEx,Yung Exclusive,1,2,2,99,99,99,99,99
YuNa,Yukimi Nagano,1,1,9,99,99,99,99,99
Yung,Yung Ladd,1,2,2,99,99,99,99,99
YuYa,Yutaka Yamada,1,2,10,99,99,99,99,99
Zaca,Zacari,1,2,2,99,99,99,99,99
ZAYN,ZAYN,1,2,1,99,99,99,99,99
Zedd,Zedd,1,2,10,99,99,99,99,99
1989,1989 by Taylor Swift,2,55,55,1,1,2014,13,99
19by,19 by Adele,2,55,55,12,1,2011,12,99
21by,21 by Adele,2,55,55,1,1,2011,12,2012
ArtP,Artpop by Lady Gaga,2,55,55,1,1,2013,15,99
Babe,Babel by Mumford & Sons,2,55,55,14,1,2012,12,99
Beli,Believe by Justin Bieber,2,55,55,1,1,2012,13,99
BeTr,Beautiful Trauma by P!nk,2,55,55,1,1,2017,2018,13
Beyo,Beyoncé by Beyoncé,2,55,55,7,1,2013,14,99
BornTh,Born This Way by Lady Gaga,2,55,55,1,1,2011,14,99
BornTo,Born To Die by Lana Del Rey,2,55,55,1,1,2012,12,99
Christ,Christmas by Michael Bublé,2,55,55,13,1,2011,19,99
DAMN,DAMN! by Kendrick Lamar,2,55,55,2,1,2017,99,14
divi,÷ by Ed Sheeran,2,55,55,1,1,2017,2018,12
DooW,Doo-Wops & Hooligans by Bruno Mars,2,55,55,1,1,2011,10,99
Four,Four by One Direction,2,55,55,1,1,2014,12,99
Froz,Frozen (Original Motion Picture Soundtrack) by Various Artists,2,55,55,12,1,2014,32,99
Ghos,Ghost Stories by Coldplay,2,55,55,1,1,2014,9,99
Guar,"Guardians of the Galaxy: Awesome Mix, Vol. 1 by Various Artists",2,55,55,12,1,2014,12,99
HaSt,Harry Styles by Harry Styles,2,55,55,1,1,2017,99,10
Huma,Human by Rag 'n' Bone Man,2,55,55,7,1,2017,99,12
InTh,In The Lonely Hour by Sam Smith,2,55,55,7,1,2014,10,99
Kami,Kamikaze by Eminem,2,55,55,2,1,2018,99,13
KMag,24K Magic,2,55,55,7,1,2016,2017,9
Loud,Loud by Rihanna,2,55,55,1,1,2011,11,99
LYSA,LOVE YOURSELF 'Answer' by BTS,2,55,55,11,6,2018,99,26
LYST,LOVE YOURSELF 'Tear' by BTS,2,55,55,11,6,2018,99,11
Merr,"Merry Christmas, Baby by Rod Stewart",2,55,55,13,1,2012,13,99
Midn,Midnight Memories by One Direction,2,55,55,1,1,2013,18,99
MMia,Mamma Mia Here We Go Again Original Motion Picture Soundtrack,2,55,55,12,1,2018,99,18
Mpcl,Mon pays c est l amour bx Johnny Hallyday,2,55,55,10,4,2018,99,11
Mylo,Mylo Xyloto by Coldplay,2,55,55,4,1,2011,14,99
Nigh,Night Visions by Imagina Dragons,2,55,55,5,1,2013,11,99
Pris,Prism by Katy Perry,2,55,55,1,1,2013,16,99
Pure,Pure Heroine by Lorde,2,55,55,1,1,2014,10,99
Rand,Random Access Memories by Daft Punk,2,55,55,6,1,2013,14,99
Redb,Red by Taylor Swift,2,55,55,8,1,2012,16,99
repu,reputation by Taylor Swift,2,55,55,1,1,2017,99,15
Revi,Revival by Eminem,2,55,55,2,1,2017,99,19
Rock,Rock or Bust by AC/DC,2,55,55,4,1,2014,11,99
SoEx,Songs of Experience by U2,2,55,55,4,1,2017,99,13
Take,Take Me Home by One Direction,2,55,55,1,1,2012,13,99
Talk,Talk That Talk by Rihanna,2,55,55,1,1,2011,11,99
TGrS,The Greatest Showman Original Motion Picture Soundtrack,2,55,55,12,1,2018,99,22
ThaC,Tha Carter IV by Lil Wayne,2,55,55,2,1,2011,15,99
The2,The 20/20 Experience by Justin Timberlake,2,55,55,1,1,2013,12,99
TheE,The Endless River by Pink Floyd,2,55,55,4,1,2014,18,99
TheM,The Marshall Mathers LP2 by Eminem,2,55,55,2,1,2013,16,99
TheT,The Truth About Love by P!nk,2,55,55,1,1,2012,13,99
ToBe,To Be Loved by Michael Bublé,2,55,55,1,1,2013,14,99
ToIA,The Thrill of It All by Sam Smith,2,55,55,1,1,2017,99,10
Unap,Unapologetic by Rihanna,2,55,55,1,1,2012,14,99
Unde,Under the Mistletoe by Justin Bieber,2,55,55,13,1,2011,11,99
Unor,Unorthodox Jukebox by Bruno Mars,2,55,55,1,1,2013,10,99
UpAl,Up All Night by One Direction,2,55,55,1,1,2012,13,99
x,x by Ed Sheeran,2,55,55,1,1,2014,12,99