id,name,type,sex,origin,genre,language,year,tracks,second year
40,40,1,2,7,NA,NA,NA,NA,NA
1989,1989 by Taylor Swift,2,NA,NA,1,1,2014,13,NA
19by,19 by Adele,2,NA,NA,12,1,2011,12,NA
21by,21 by Adele,2,NA,NA,1,1,2011,12,2012
Aali,Aalias,1,2,2,NA,NA,NA,NA,NA
AaronD,Aaron Dessner,1,2,2,NA,NA,NA,NA,NA
AaronP,Aaron Pearce,1,2,NA,NA,NA,NA,NA,NA
AaronR,Aaron Raitiere,1,2,2,NA,NA,NA,NA,NA
Abbe,Abbey Road by The Beatles,2,NA,NA,4,1,2019,17,NA
Aboo,A Boogie wit da Hoodie,1,2,2,NA,NA,NA,NA,NA
AdamB,Adam Baptiste,1,2,9,NA,NA,NA,NA,NA
AdamM,Adam Messinger,1,2,7,NA,NA,NA,NA,NA
AdCa,Adam Cayton,1,2,10,NA,NA,NA,NA,NA
Adel,Adele,1,1,1,NA,NA,NA,NA,NA
ADNL,ADN Lewis,1,2,2,NA,NA,NA,NA,NA
Adon,Adonis,1,2,2,NA,NA,NA,NA,NA
ADOR,ADORA,1,1,10,NA,NA,NA,NA,NA
Adri,Adrienne Anderson,1,1,2,NA,NA,NA,NA,NA
AdRo,Ad-Rock,1,2,2,NA,NA,NA,NA,NA
Afte,After Hours by The Weeknd,2,NA,NA,7,1,2020,14,NA
AhnB,Ahn Bok-jin,1,NA,NA,NA,NA,NA,NA,NA
AJJu,AJ Junior,1,2,9,NA,NA,NA,NA,NA
AKJa,A.K.Janeway,1,NA,NA,NA,NA,NA,NA,NA
AlanC,Alan Chang,1,2,2,NA,NA,NA,NA,NA
AlanP,Alan Parsons,1,2,1,NA,NA,NA,NA,NA
Albe,Albert Winkler,1,2,NA,NA,NA,NA,NA,NA
Albi,Albin Nedler,1,2,9,NA,NA,NA,NA,NA
AlDa,Al Darwish,1,2,10,NA,NA,NA,NA,NA
Alex,Alexander Karlsson,1,2,9,NA,NA,NA,NA,NA
Alexa,Alexander Gowers,1,2,NA,NA,NA,NA,NA,NA
Alexda,Alex da Kid,1,2,1,NA,NA,NA,NA,NA
AlexDel,Alex Delicata,1,2,2,NA,NA,NA,NA,NA
AlexDez,Alex Dezen,1,2,2,NA,NA,NA,NA,NA
Alexe,Alexej Viktorovitch,1,2,9,NA,NA,NA,NA,NA
AlHa,Alana Haim,1,1,2,NA,NA,NA,NA,NA
Alja,Alja Jackson,1,1,NA,NA,NA,NA,NA,NA
AlKa,Allison Kaplan,1,1,2,NA,NA,NA,NA,NA
AlKe,Alicia Keys,1,1,2,NA,NA,NA,NA,NA
AlLe,Alice and the Glass Lake,1,1,2,NA,NA,NA,NA,NA
Alli,Allie X,1,1,7,NA,NA,NA,NA,NA
AlMa,Alan Merrill,1,2,2,NA,NA,NA,NA,NA
AlPa,Ali Payami,1,2,10,NA,NA,NA,NA,NA
AlSa,Alex Salibian,1,2,2,NA,NA,NA,NA,NA
AlSo,Alex Sowinski,1,2,7,NA,NA,NA,NA,NA
AlTa,Ali Tamposi,1,1,2,NA,NA,NA,NA,NA
Amad,Amadeus,1,2,2,NA,NA,NA,NA,NA
AMcB,Amanda McBroom,1,1,2,NA,NA,NA,NA,NA
Amir,Amir Amor,1,2,1,NA,NA,NA,NA,NA
Amit,Amit Duvdevani,1,2,10,NA,NA,NA,NA,NA
AmMa,Ammar Malik,1,2,2,NA,NA,NA,NA,NA
Ammo,Ammo,1,2,2,NA,NA,NA,NA,NA
AmyA,Amy Allen,1,1,2,NA,NA,NA,NA,NA
AmyFo,Amy Foster-Gillies,1,1,7,NA,NA,NA,NA,NA
AmyWa,Amy Wadge,1,1,1,NA,NA,NA,NA,NA
AnAr,Antonina Armato,1,1,2,NA,NA,NA,NA,NA
AnBr,Andre Brown,1,2,2,NA,NA,NA,NA,NA
Ande,Anders Dannvik,1,2,9,NA,NA,NA,NA,NA
Ander,Anders Wikström,1,2,9,NA,NA,NA,NA,NA
Andr,Andreas Johansson,1,2,9,NA,NA,NA,NA,NA
Andre3,André 3000,1,2,2,NA,NA,NA,NA,NA
AndreL,Andre Lindal,1,2,10,NA,NA,NA,NA,NA
AndrewCa,Andrew Canton,1,2,2,NA,NA,NA,NA,NA
AndrewF,Andrew Farriss,1,2,10,NA,NA,NA,NA,NA
AndrewHa,Andrew Harr,1,2,2,NA,NA,NA,NA,NA
AndrewTo,Andrew Tolman,1,2,2,NA,NA,NA,NA,NA
AndrewWy,Andrew Wyatt,1,2,2,NA,NA,NA,NA,NA
AngusY,Angus Young,1,2,1,NA,NA,NA,NA,NA
AnJa,Andrew Jackson,1,2,1,NA,NA,NA,NA,NA
Anju,Anjulie,1,1,7,NA,NA,NA,NA,NA
AnLo,Angel López,1,2,2,NA,NA,NA,NA,NA
AnTa,Andrew Taggart,1,2,2,NA,NA,NA,NA,NA
Anth,Anthony Rossomando,1,2,2,NA,NA,NA,NA,NA
Antho,Anthoine Walters,1,NA ,NA,NA,NA,NA,NA,NA
AnthonyB,Anthony Best,1,2,2,NA,NA,NA,NA,NA
AnthonyM,Anthony Moore,1,2,1,NA,NA,NA,NA,NA
Anto,Antonio Dixon,1,2,2,NA,NA,NA,NA,NA
AnWe,Annika Wells,1,1,2,NA,NA,NA,NA,NA
AnWi,Anna Wise,1,1,2,NA,NA,NA,NA,NA
Aoki,Steve Aoki,1,2,2,NA,NA,NA,NA,NA
Arab,Arabian Prince,1,2,2,NA,NA,NA,NA,NA
ARAS,ARASHI,1,2,10,NA,NA,NA,NA,NA
Aria,Ariana Grande,1,1,2,NA,NA,NA,NA,NA
AriLe,Ari Levine,1,2,2,NA,NA,NA,NA,NA
ArRe,Ariel Rechtshaid,1,2,2,NA,NA,NA,NA,NA
Arst,Arston,1,2,10,NA,NA,NA,NA,NA
ArtNe,Art Neville,1,2,2,NA,NA,NA,NA,NA
ArtP,Artpop by Lady Gaga,2,NA,NA,1,1,2013,15,NA
AshF,Ashton Foster,1,1,2,NA,NA,NA,NA,NA
AshleyB,Ashley Boyd,1,NA,NA,NA,NA,NA,NA,NA
AshleyJ,Ashley Joi Sadler,1,1,NA,NA,NA,NA,NA,NA
ASIL,ASIL (JPN),1,NA,NA,NA,NA,NA,NA,NA
ASta,A Star is Born OST by Lady Gaga & Bradley Cooper,2,NA,NA,1,1,2018,18,2019
AStr,A Strut,1,2,9,NA,NA,NA,NA,NA
Audi,Audien,1,2,2,NA,NA,NA,NA,NA
Augu,August Rigo,1,2,7,NA,NA,NA,NA,NA
Avic,Avicii,1,2,9,NA,NA,NA,NA,NA
Avri,Avril Lavigne,1,1,7,NA,NA,NA,NA,NA
AyoT,Ayo The Producer,1,2,2,NA,NA,NA,NA,NA
Ayum,Ayumi Miyazaki,1,2,10,NA,NA,NA,NA,NA
B.o.B,B.o.B,1,2,2,NA,NA,NA,NA,NA
Babe,Babel by Mumford & Sons,2,NA,NA,14,1,2012,12,NA
Baby,Babyface,1,2,2,NA,NA,NA,NA,NA
Back,Backpack,1,2,2,NA,NA,NA,NA,NA
Bang,Bangladesh,1,2,2,NA,NA,NA,NA,NA
Bard,Bard McNamee,1,2,2,NA,NA,NA,NA,NA
Bari,Baria Qureshi,1,1,1,NA,NA,NA,NA,NA
BarryG,Barry Gibb,1,2,1,NA,NA,NA,NA,NA
Bawh,Barry White,1,2,2,NA,NA,NA,NA,NA
BE,BE by BTS,2,NA,NA,11,6,2020,8,NA
BeAn,Benny Andersson,1,2,9,NA,NA,NA,NA,NA
Beat,BeatGeek,1,NA,NA,NA,NA,NA,NA,NA
Bebe,Bebe Rexha,1,1,2,NA,NA,NA,NA,NA
bebl,benny blanco,1,2,2,NA,NA,NA,NA,NA
Beko,Bēkon,1,2,2,NA,NA,NA,NA,NA
Beli,Believe by Justin Bieber,2,NA,NA,1,1,2012,13,NA
Bell,Belly,1,2,10,NA,NA,NA,NA,NA
Beng,Bengy Gibson,1,2,2,NA,NA,NA,NA,NA
BenK,Ben Kohn,1,2,1,NA,NA,NA,NA,NA
BenLo,Ben Lovett,1,2,1,NA,NA,NA,NA,NA
BenMa,Ben Maddahi,1,2,2,NA,NA,NA,NA,NA
BenMc,Ben McKee,1,2,2,NA,NA,NA,NA,NA
BenWe,Ben West,1,2,2,NA,NA,NA,NA,NA
BePa,Benj Pasek,1,2,2,NA,NA,NA,NA,NA
Bern,Bernie Taupin,1,2,1,NA,NA,NA,NA,NA
Berr,Berry Gordy,1,2,2,NA,NA,NA,NA,NA
BertK,Bert Kalmar,1,2,2,NA,NA,NA,NA,NA
BeTr,Beautiful Trauma by P!nk,2,NA,NA,1,1,2017,2018,13
Beyo,Beyoncé by Beyoncé,2,NA,NA,7,1,2013,14,NA
Beyonc,Beyoncé,1,1,2,NA,NA,NA,NA,NA
BiCu,Bill Curtis,1,2,2,NA,NA,NA,NA,NA
BigB,Big Boi,1,2,2,NA,NA,NA,NA,NA
BigS,Big Sean,1,2,2,NA,NA,NA,NA,NA
Billie,Billie Eilish,1,1,2,NA,NA,NA,NA,NA
BillyHa,Billy Hayes,1,2,2,NA,NA,NA,NA,NA
BillyMa,Billy Mann,1,2,2,NA,NA,NA,NA,NA
BillySq,Billy Squier,1,2,2,NA,NA,NA,NA,NA
BillyWa,Billy Walsh,1,2,2,NA,NA,NA,NA,NA
Bing,Bing Crosby,1,2,2,NA,NA,NA,NA,NA
Bird,Birdman,1,2,2,NA,NA,NA,NA,NA
BJKh,BJ Khan,1,NA,NA,NA,NA,NA,NA,NA
BjUl,Björn Ulvaeus,1,2,9,NA,NA,NA,NA,NA
blac,blackbear,1,2,2,NA,NA,NA,NA,NA
Bloo,BloodPop,1,2,2,NA,NA,NA,NA,NA
Bloods,Bloodshy,1,2,9,NA,NA,NA,NA,NA
Blue,Blue Bear,1,2,1,NA,NA,NA,NA,NA
BluJ,Blu June,1,1,2,NA,NA,NA,NA,NA
Bobb,Bobby Chung,1,2,10,NA,NA,NA,NA,NA
Bobc,Bobcat,1,2,2,NA,NA,NA,NA,NA
BobDy,Bob Dylan,1,2,2,NA,NA,NA,NA,NA
BobRo,Bob Rock,1,2,7,NA,NA,NA,NA,NA
BoCh,Bobby Chung,1,2,10,NA,NA,NA,NA,NA
Bohe,Bohemian Rhapsody: The Original Soundtrack by Queen,2,NA,NA,4,1,2018,21,2019
Boi1,Boi-1da,1,2,7,NA,NA,NA,NA,NA
BoLa,Boris Lanneau,1,2,5,NA,NA,NA,NA,NA
BONN,BONN,1,2,9,NA,NA,NA,NA,NA
BonnieM,Bonnie McKee,1,1,2,NA,NA,NA,NA,NA
Bono,Bono,1,2,10,NA,NA,NA,NA,NA
BOOT,BOOTS,1,2,2,NA,NA,NA,NA,NA
Bori,Boris Williams,1,2,5,NA,NA,NA,NA,NA
BornTh,Born This Way by Lady Gaga,2,NA,NA,1,1,2011,14,NA
BornTo,Born To Die by Lana Del Rey,2,NA,NA,1,1,2012,12,NA
Brad,Bradley Cooper,1,2,2,NA,NA,NA,NA,NA
Bram,Bram Inscore,1,2,2,NA,NA,NA,NA,NA
Bran,"Brandon ""Blue"" Hamilton",1,2,2,NA,NA,NA,NA,NA
BrBr,Brody Brown,1,2,2,NA,NA,NA,NA,NA
Bren,Brendon Urie,1,2,2,NA,NA,NA,NA,NA
BrGr,Brendan Grieve,1,2,1,NA,NA,NA,NA,NA
BrianEn,Brian Eno,1,2,1,NA,NA,NA,NA,NA
BrianKe,Brian Kennedy,1,2,2,NA,NA,NA,NA,NA
BrianLe,Brian Lee,1,2,2,NA,NA,NA,NA,NA
BrianM,Brian May,1,2,1,NA,NA,NA,NA,NA
BrianMa,Brian Malik Baptiste,1,2,2,NA,NA,NA,NA,NA
BrianS,Brian Soko,1,2,10,NA,NA,NA,NA,NA
Brit,Brittany Coney,1,1,2,NA,NA,NA,NA,NA
BrittanyT,Brittany Tolman,1,1,NA,NA,NA,NA,NA,NA
BrKo,Brock Korsan,1,2,2,NA,NA,NA,NA,NA
BrMa,Bruno Mars,1,2,2,NA,NA,NA,NA,NA
Brod,Brody Brown,1,2,2,NA,NA,NA,NA,NA
BryanAd,Bryan Adams,1,2,7,NA,NA,NA,NA,NA
Buck,Buck Ram,1,2,2,NA,NA,NA,NA,NA
BunB,Bun B,1,2,2,NA,NA,NA,NA,NA
busb,busbee,1,2,2,NA,NA,NA,NA,NA
Bust,Busta Rhymes,1,2,2,NA,NA,NA,NA,NA
Butc,Butch Walker,1,2,2,NA,NA,NA,NA,NA
CaFi,Canei Finch,1,2,2,NA,NA,NA,NA,NA
CAGM,"Carl ""Groove"" Martin",1,2,2,NA,NA,NA,NA,NA
Calv,Calvin Harris,1,2,1,NA,NA,NA,NA,NA
Cam,Cam,1,1,2,NA,NA,NA,NA,NA
Came,Camela Leierth,1,1,9,NA,NA,NA,NA,NA
Cami,Camilla Anne Stewart,1,NA,NA,NA,NA,NA,NA,NA
Camil,Camila Cabello,1,1,10,NA,NA,NA,NA,NA
Cand,Candace Sosa,1,1,2,NA,NA,NA,NA,NA
Cand,Candice Pillay,1,1,10,NA,NA,NA,NA,NA
Cardi,Cardi B,1,1,2,NA,NA,NA,NA,NA
Cardo,Cardo,1,2,2,NA,NA,NA,NA,NA
Carl,Carl Rosen,1,2,2,NA,NA,NA,NA,NA
CarlF,Carl Falk,1,2,9,NA,NA,NA,NA,NA
Caro,Caroline Ailin,1,1,10,NA,NA,NA,NA,NA
CarolinePo,Caroline Polachek,1,1,2,NA,NA,NA,NA,NA
CarolynLe,Carolyn Leigh,1,1,2,NA,NA,NA,NA,NA
Cart,Carter Lang,1,2,NA,NA,NA,NA,NA,NA
Caut,Cautious Clay,1,2,2,NA,NA,NA,NA,NA
Cazz,Cazzi Opeia,1,1,9,NA,NA,NA,NA,NA
CCar,C. Carson Parks,1,2,2,NA,NA,NA,NA,NA
Chan,Changes by Justin Bieber,2,NA,NA,7,1,2020,16,NA
Chanc,Chance the Rapper,1,2,2,NA,NA,NA,NA,NA
CharlesS,Charles Still,1,2,2,NA,NA,NA,NA,NA
ChBr,Charles Bradley,1,2,2,NA,NA,NA,NA,NA
Chec,Cheche Alara,1,2,10,NA,NA,NA,NA,NA
Chel,Chelcee Grimes,1,1,1,NA,NA,NA,NA,NA
ChHa,Chester Hansen,1,2,7,NA,NA,NA,NA,NA
ChillyG,Chilly Gonzales,1,2,7,NA,NA,NA,NA,NA
Chim,Chimey,1,NA,NA,NA,NA,NA,NA,NA
CHIME,CHI-MEY (JPN),1,2,NA,NA,NA,NA,NA,NA
ChIn,Chin Injeti,1,2,10,NA,NA,NA,NA,NA
ChJP,Charlie J. Perry,1,2,1,NA,NA,NA,NA,NA
ChMe,Christian Medice,1,2,2,NA,NA,NA,NA,NA
Chris,Christofer Erixon,1,2,9,NA,NA,NA,NA,NA
ChrisBec,Christophe Beck,1,2,7,NA,NA,NA,NA,NA
ChrisBra,Chris Braide,1,2,1,NA,NA,NA,NA,NA
ChrisBro,Chris Brown,1,2,2,NA,NA,NA,NA,NA
ChrisCas,Chris Caswell,1,2,2,NA,NA,NA,NA,NA
ChrisGod,Chris Godbey,1,2,2,NA,NA,NA,NA,NA
ChrisIv,Chris Ivery,1,2,2,NA,NA,NA,NA,NA
ChrisJ,Chris Janey,1,NA,NA,NA,NA,NA,NA,NA
ChrisJa,Chris James,1,2,3,NA,NA,NA,NA,NA
ChrisMar,Chris Martin,1,2,1,NA,NA,NA,NA,NA
ChrisS,Chris Stapleton,1,2,2,NA,NA,NA,NA,NA
ChristianL,Christian Lorenz,1,2,3,NA,NA,NA,NA,NA
Christ,Christmas by Michael Bublé,2,NA,NA,13,1,2011,19,NA
Christo,Christoph Schneider,1,2,3,NA,NA,NA,NA,NA
ChuckB,Chuck Berry,1,2,2,NA,NA,NA,NA,NA
ChuckyT,Chucky Thompson,1,2,2,NA,NA,NA,NA,NA
Cirk,Cirkut,1,2,7,NA,NA,NA,NA,NA
Clar,Clarence Coffee Jr.,1,2,2,NA,NA,NA,NA,NA
Clau,Claude Kelly,1,2,2,NA,NA,NA,NA,NA
Clay,Clay Wells Holley,1,2,NA,NA,NA,NA,NA,NA
Clev,Clever,1,2,2,NA,NA,NA,NA,NA
Clin,Clinton Sparks,1,2,2,NA,NA,NA,NA,NA
ClintBa,Clint Ballard,1,2,2,NA,NA,NA,NA,NA
ClSm,Claydes Smith,1,2,2,NA,NA,NA,NA,NA
Clyd,Clyde Kelly,1,2,2,NA,NA,NA,NA,NA
CoMa,Conor Maynard,1,2,1,NA,NA,NA,NA,NA
Cool,Cool,1,2,2,NA,NA,NA,NA,NA
Core,Corey Gibson,1,2,NA,NA,NA,NA,NA,NA
Cory,Cory Gunz,1,2,2,NA,NA,NA,NA,NA
Cosm,Cosmo's Midnight,1,2,10,NA,NA,NA,NA,NA
Cour,Courtney Sills,1,2,2,NA,NA,NA,NA,NA
CoyP,Coy Poe,1,2,2,NA,NA,NA,NA,NA
Craz,Crazy J,1,NA,NA,NA,NA,NA,NA,NA
Crys,Crystal Nicole,1,1,2,NA,NA,NA,NA,NA
CVRE,CVRE,1,2,7,NA,NA,NA,NA,NA
Cyri,Cyril Neville,1,2,2,NA,NA,NA,NA,NA
DaBa,DaBaby,1,2,2,NA,NA,NA,NA,NA
DaBr,Dan Bryer,1,2,1,NA,NA,NA,NA,NA
DaBy,David Byron,1,2,1,NA,NA,NA,NA,NA
DaGu,Dave Guy,1,2,2,NA,NA,NA,NA,NA
DaHa,Danielle Haim,1,1,2,NA,NA,NA,NA,NA
DaHe,DaHeala,1,2,7,NA,NA,NA,NA,NA
Dami,Damian Marley,1,2,10,NA,NA,NA,NA,NA
DAMN,DAMN! by Kendrick Lamar,2,NA,NA,2,1,2017,NA,14
Damo,Damon Thomas,1,2,2,NA,NA,NA,NA,NA
DanHe,Dan Heath,1,2,NA,NA,NA,NA,NA,NA
DaniaMaBi,Dania Maria Birks,1,1,2,NA,NA,NA,NA,NA
DanielC,Daniel Caesar (of Caesar & Loui),1,2,7,NA,NA,NA,NA,NA
DanielD,Daniel Daley,1,2,7,NA,NA,NA,NA,NA
DanielPl,Daniel Platzman,1,2,2,NA,NA,NA,NA,NA
dank,danke (lalala studio),1,2,10,NA,NA,NA,NA,NA
DanKa,Dan Kanter,1,2,7,NA,NA,NA,NA,NA
DannyJo,Danny Jones,1,2,1,NA,NA,NA,NA,NA
DannyW,Danny Wilson,1,2,1,NA,NA,NA,NA,NA
DanRe,Dan Reynolds,1,2,2,NA,NA,NA,NA,NA
DanWi,Dan Wilson,1,2,2,NA,NA,NA,NA,NA
DaPe,Darryl Pearson,1,2,2,NA,NA,NA,NA,NA
DaPr,Dan Priddy,1,2,1,NA,NA,NA,NA,NA
Darr,Darren Black,1,2,1,NA,NA,NA,NA,NA
DarylBr,Daryl Braithwaite,1,2,8,NA,NA,NA,NA,NA
DaTo,Dado Topić,1,2,10,NA,NA,NA,NA,NA
Dave,Dave,1,2,1,NA,NA,NA,NA,NA
DavidB,David Biral,1,2,1,NA,NA,NA,NA,NA
DavidBo,David Bowie,1,2,1,NA,NA,NA,NA,NA
DavidBr,David Brook,1,NA,NA,NA,NA,NA,NA,NA
DavidFo,David Foster,1,2,7,NA,NA,NA,NA,NA
DavidGi,David Gilmour,1,2,1,NA,NA,NA,NA,NA
DavidGu,David Guetta,1,2,5,NA,NA,NA,NA,NA
DavidS,David Stewart,1,2,1,NA,NA,NA,NA,NA
DavidSc,David Schuler,1,2,2,NA,NA,NA,NA,NA
DavidSn,David Sneddon,1,2,1,NA,NA,NA,NA,NA
DaWa,Dale Warren,1,2,2,NA,NA,NA,NA,NA
DDre,Dr. Dre,1,2,2,NA,NA,NA,NA,NA
DDRo,Don D. Robey,1,2,2,NA,NA,NA,NA,NA
DDTT,"Dennis ""D.T."" Thomas",1,2,2,NA,NA,NA,NA,NA
Deke,Deke Richards,1,2,2,NA,NA,NA,NA,NA
DemJ,Dem Jointz,1,2,2,NA,NA,NA,NA,NA
dEnA,dEnAun,1,2,2,NA,NA,NA,NA,NA
Denn,"Dennis ""Aganee"" Jenkins",1,2,2,NA,NA,NA,NA,NA
DennisLu,Dennis Lussier,1,2,2,NA,NA,NA,NA,NA
Denz,Denzel Baptiste,1,2,2,NA,NA,NA,NA,NA
Derr,Derrick Milano,1,2,2,NA,NA,NA,NA,NA
Deta,Detail,1,2,2,NA,NA,NA,NA,NA
Dian,Diane Warren,1,1,2,NA,NA,NA,NA,NA
Dick,Dick Smith,1,2,2,NA,NA,NA,NA,NA
Digi,Digital Black,1,NA,NA,NA,NA,NA,NA,NA
Dino,Dino Zisis,1,2,NA,NA,NA,NA,NA,NA
Dipl,Diplo,1,2,2,NA,NA,NA,NA,NA
divi,÷ by Ed Sheeran,2,NA,NA,1,1,2017,2018,12
DJBu,DJ Burton,1,2,2,NA,NA,NA,NA,NA
DJDa,DJ Dahi,1,2,2,NA,NA,NA,NA,NA
DJFa,DJ Falcon,1,2,5,NA,NA,NA,NA,NA
DJKh,DJ Khalil,1,2,2,NA,NA,NA,NA,NA
DJLo,DJ Locksmith,1,2,1,NA,NA,NA,NA,NA
DJSn,DJ Snake,1,2,5,NA,NA,NA,NA,NA
DJSw,DJ Swivel,1,2,7,NA,NA,NA,NA,NA
DJWh,DJ White Shadow,1,2,2,NA,NA,NA,NA,NA
DMC,D.M.C.,1,2,2,NA,NA,NA,NA,NA
DMcK,Damian McKee,1,2,1,NA,NA,NA,NA,NA
DOCS,DOCSKIM,1,2,10,NA,NA,NA,NA,NA
DoJo,Dominic Jordan,1,2,2,NA,NA,NA,NA,NA
Domi,Dominic Jordan,1,2,2,NA,NA,NA,NA,NA
DooW,Doo-Wops & Hooligans by Bruno Mars,2,NA,NA,1,1,2011,10,NA
DORi,Dolores O’Riordan,1,1,10,NA,NA,NA,NA,NA
DougEF,Doug E. Fresh,1,2,2,NA,NA,NA,NA,NA
DougiePo,Dougie Poynter,1,2,1,NA,NA,NA,NA,NA
Dove,Doveman,1,2,2,NA,NA,NA,NA,NA
Dr.Lu,Dr. Luke,1,2,2,NA,NA,NA,NA,NA
Drak,Drake,1,2,7,NA,NA,NA,NA,NA
Dre,Dre,1,2,2,NA,NA,NA,NA,NA
DreM,Dre Moon,1,2,2,NA,NA,NA,NA,NA
DuaL,Dua Lipa,1,1,1,NA,NA,NA,NA,NA
DVLP,DVLP,1,2,2,NA,NA,NA,NA,NA
DwSi,Dwayne Simon,1,2,2,NA,NA,NA,NA,NA
Dyce,Dyce Taylor,1,NA,NA,NA,NA,NA,NA,NA
DYSO,DYSON,1,1,1,NA,NA,NA,NA,NA
EaMu,Eamon Murray,1,2,1,NA,NA,NA,NA,NA
EaSh,Earl Shelton,1,2,2,NA,NA,NA,NA,NA
Eddi,"Eddie ""Krack Keys"" Montilla",1,2,2,NA,NA,NA,NA,NA
EdDr,Ed Drewett,1,2,1,NA,NA,NA,NA,NA
Edit,Edith Piaf,1,1,5,NA,NA,NA,NA,NA
EdSh,Ed Sheeran,1,2,1,NA,NA,NA,NA,NA
EgWh,Eg White,1,2,1,NA,NA,NA,NA,NA
ELCA,EL CAPITXN,1,2,10,NA,NA,NA,NA,NA
Elij,Elijah Blake,1,2,10,NA,NA,NA,NA,NA
Ella,Ella Mai,1,1,1,NA,NA,NA,NA,NA
Elle,Ellen Berg,1,1,9,NA,NA,NA,NA,NA
Ellie,Ellie Greenwich,1,1,2,NA,NA,NA,NA,NA
Ellis,Ellis Miah,1,2,2,NA,NA,NA,NA,NA
Elof,Elof Loelv,1,2,9,NA,NA,NA,NA,NA
Eloh,Elohim,1,1,2,NA,NA,NA,NA,NA
Elto,Elton John,1,2,1,NA,NA,NA,NA,NA
Eltv,Eltvo,1,NA,NA,NA,NA,NA,NA,NA
ElvinBi,Elvin Bishop,1,2,2,NA,NA,NA,NA,NA
ElvinSm,Elvin Smith,1,2,1,NA,NA,NA,NA,NA
EmeliSa,Emeli Sandé,1,1,1,NA,NA,NA,NA,NA
EmHa,Emile Haynie,1,2,2,NA,NA,NA,NA,NA
Emil,Emily Weisband,1,1,2,NA,NA,NA,NA,NA
Emile,Emile Haynie,1,2,2,NA,NA,NA,NA,NA
Emily,Emily Warren,1,1,2,NA,NA,NA,NA,NA
Emin,Eminem,1,2,2,NA,NA,NA,NA,NA
ErAl,Erik Alcock,1,2,7,NA,NA,NA,NA,NA
ErBo,Erik Bodin,1,2,9,NA,NA,NA,NA,NA
Erez,Erez Eisen,1,2,10,NA,NA,NA,NA,NA
EricBe,Eric Bellinger,1,2,2,NA,NA,NA,NA,NA
EricCa,Eric Carmen,1,2,2,NA,NA,NA,NA,NA
EricDa,Eric Dawkins,1,2,2,NA,NA,NA,NA,NA
EricSt,Eric Stewart,1,2,1,NA,NA,NA,NA,NA
EricWo,Eric Woolfson,1,2,1,NA,NA,NA,NA,NA
ErikRe,Erik Reyes-Ortiz,1,2,2,NA,NA,NA,NA,NA
ErMc,Eric McIntosh,1,2,2,NA,NA,NA,NA,NA
Erne,Ernest Clark,1,2,2,NA,NA,NA,NA,NA
ErSe,Erick Sermon,1,2,2,NA,NA,NA,NA,NA
Eske,Eskeerdo,1,2,2,NA,NA,NA,NA,NA
Este,Ester Dean,1,1,2,NA,NA,NA,NA,NA
Etta,Etta Zelmani,1,1,9,NA,NA,NA,NA,NA
Fall,Fallin' Dild,1,NA,NA,NA,NA,NA,NA,NA
Fars,Farsi,1,NA ,NA,NA,NA,NA,NA,NA
Fath,Father John Misty,1,2,2,NA,NA,NA,NA,NA
Feli,Felix Bernard,1,2,2,NA,NA,NA,NA,NA
Fern,Fernando Garibay,1,2,2,NA,NA,NA,NA,NA
fiftyCe,50 Cent,1,2,2,NA,NA,NA,NA,NA
Fine,Fine Line by Harry Styles,2,NA,NA,1,1,2020,12,NA
FINN,FINNEAS,1,2,2,NA,NA,NA,NA,NA
Fion,Fiona Bevan,1,1,1,NA,NA,NA,NA,NA
fivextwenty,5x20 All the BEST!! 1999-2019 by ARASHI,2,NA,NA,14,6,2019,67,NA
Flip,Flippa,1,2,NA,NA,NA,NA,NA,NA
folk,folklore by Taylor Swift,2,NA,NA,5,1,2020,16,NA
Fonc,Fonce Mizell,1,2,2,NA,NA,NA,NA,NA
Four,Four by One Direction,2,NA,NA,1,1,2014,12,NA
FoVa,Foy Vance,1,2,1,NA,NA,NA,NA,NA
Fran,Frank Dukes,1,2,7,NA,NA,NA,NA,NA
Franc,Frances,1,1,1,NA,NA,NA,NA,NA
Franco,François De Roubaix,1,2,5,NA,NA,NA,NA,NA
Frank,Frank Rodgers,1,2,2,NA,NA,NA,NA,NA
FrankL,Frank Loesser,1,2,2,NA,NA,NA,NA,NA
FrankOc,Frank Ocean,1,2,2,NA,NA,NA,NA,NA
FranzS,Franz Schubert,1,2,10,NA,NA,NA,NA,NA
FranzX,Franz Xaver Gruber,1,2,4,NA,NA,NA,NA,NA
Fras,Fraser T. Smith,1,2,1,NA,NA,NA,NA,NA
FrBa,Fred Ball,1,2,10,NA,NA,NA,NA,NA
FrCo,Frederick Cox,1,2,1,NA,NA,NA,NA,NA
Fred,Fred again,1,2,1,NA,NA,NA,NA,NA
FredB,Fred Ball,1,2,10,NA,NA,NA,NA,NA
Fredd,Freddie Mercury,1,2,10,NA,NA,NA,NA,NA
FreddiePe,Freddie Perren,1,2,2,NA,NA,NA,NA,NA
Fredr,"Fredrik ""Figge"" Boström",1,2,9,NA,NA,NA,NA,NA
Fredri,Fredrik Thomander,1,2,9,NA,NA,NA,NA,NA
Freq,Frequency,1,2,2,NA,NA,NA,NA,NA
FrFa,Fred Fairbrass,1,2,1,NA,NA,NA,NA,NA
Frod,Frode Fjellheim,1,2,10,NA,NA,NA,NA,NA
Froz,Frozen (Original Motion Picture Soundtrack) by Various Artists,2,NA,NA,12,1,2014,32,NA
FrWa,Fredrik Wallin,1,2,9,NA,NA,NA,NA,NA
FrWr,FredWreck,1,2,10,NA,NA,NA,NA,NA
Fumi,Fumiya Fujii,1,2,10,NA,NA,NA,NA,NA
Fura,Furaha,1,NA,NA,NA,NA,NA,NA,NA
FuT,F&T,1,NA,NA,NA,NA,NA,NA,NA
Futu,Future Nostalgia by Dua Lipa,2,NA,NA,1,1,2020,11,NA
Future,Future,1,2,2,NA,NA,NA,NA,NA
GaDe,Gaye Delorme,1,2,7,NA,NA,NA,NA,NA
Gare,Gareth McGrillen,1,2,8,NA,NA,NA,NA,NA
Garl,Garland Sebastian Mosley,1,2,2,NA,NA,NA,NA,NA
GarthPo,Garth Porter,1,2,10,NA,NA,NA,NA,NA
GaryLi,Gary Lightbody,1,2,1,NA,NA,NA,NA,NA
GeBr,George Brown,1,2,2,NA,NA,NA,NA,NA
Geof,Geoff Mack,1,2,8,NA,NA,NA,NA,NA
Geor,George Harrison,1,2,1,NA,NA,NA,NA,NA
GeorgeNo,George Nozuka,1,2,2,NA,NA,NA,NA,NA
GeorgePo,George Porter Jr,1,2,2,NA,NA,NA,NA,NA
GeorgH,Georg Hólm,1,2,10,NA,NA,NA,NA,NA
GeRe,Gene Redd,1,2,2,NA,NA,NA,NA,NA
GeSa,Geoffrey Sarubbi,1,2,2,NA,NA,NA,NA,NA
GeWi,George Williams,1,2,2,NA,NA,NA,NA,NA
Ghos,Ghost Stories by Coldplay,2,NA,NA,1,1,2014,9,NA
GHST,GHSTLOOP,1,NA,NA,NA,NA,NA,NA,NA
GianPi,Gian Piero Reverberi,1,2,6,NA,NA,NA,NA,NA
Gigi,Gigi (JPN),1,NA,NA,NA,NA,NA,NA,NA
GiorgioMo,Giorgio Moroder,1,2,6,NA,NA,NA,NA,NA
GiorgioTu,Giorgio Tuinfort,1,2,10,NA,NA,NA,NA,NA
GIRL,GIRLI,1,1,1,NA,NA,NA,NA,NA
GNBo,George Noah Booth,1,2,1,NA,NA,NA,NA,NA
Goro,Goro. T,1,NA,NA,NA,NA,NA,NA,NA
Grae,Graeme Hogg,1,2,1,NA,NA,NA,NA,NA
Grah,Graham Edwards,1,2,1,NA,NA,NA,NA,NA
GrahamGo,Graham Gouldman,1,2,1,NA,NA,NA,NA,NA
Gran,Grandmaster Flash,1,2,2,NA,NA,NA,NA,NA
GregKu,Greg Kurstin,1,2,2,NA,NA,NA,NA,NA
GregM,Greg McKee,1,2,2,NA,NA,NA,NA,NA
GregWe,Greg Wells,1,2,7,NA,NA,NA,NA,NA
Guar,"Guardians of the Galaxy: Awesome Mix, Vol. 1 by Various Artists",2,NA,NA,12,1,2014,12,NA
Gust,Gusten Dahlqvist,1,2,9,NA,NA,NA,NA,NA
GuyBe,Guy Berryman,1,2,1,NA,NA,NA,NA,NA
GuyMa,Guy-Manuel de Homem-Christo,1,2,5,NA,NA,NA,NA,NA
GwenGo,Gwen Gordy Fuqua,1,1,2,NA,NA,NA,NA,NA
Hals,Halsey,1,1,2,NA,NA,NA,NA,NA
Happ,Happy Perez,1,2,2,NA,NA,NA,NA,NA
HarryRu,Harry Ruby,1,2,2,NA,NA,NA,NA,NA
HarrySi,Harry Simeone,1,2,2,NA,NA,NA,NA,NA
HarrySt,Harry Styles,1,2,1,NA,NA,NA,NA,NA
HARV,HARV,1,2,2,NA,NA,NA,NA,NA
HaSt,Harry Styles by Harry Styles,2,NA,NA,1,1,2017,NA,10
Have,Haven Gillespie,1,2,2,NA,NA,NA,NA,NA
HaWi,Håkan Wirenstrand,1,2,9,NA,NA,NA,NA,NA
Haze,HazeBanga,1,2,2,NA,NA,NA,NA,NA
HenryO,Henry Onorati,1,2,NA,NA,NA,NA,NA,NA
HER,H.E.R.,1,1,2,NA,NA,NA,NA,NA
Herb,Herb Rooney J,1,2,2,NA,NA,NA,NA,NA
Herv,Hervé,1,2,5,NA,NA,NA,NA,NA
HIKA,HIKARI (JPN),1,2,10,NA,NA,NA,NA,NA
Hild,Hilda,1,1,9,NA,NA,NA,NA,NA
Hill,Hillary Lindsey,1,1,2,NA,NA,NA,NA,NA
Hiro,Hiroo Ooyagi,1,2,10,NA,NA,NA,NA,NA
HisN,Hiss Noise,1,2,10,NA,NA,NA,NA,NA
HitB,Hit-Boy,1,2,2,NA,NA,NA,NA,NA
Hitmaka,Hitmaka,1,2,2,NA,NA,NA,NA,NA
hitman,hitman Bang,1,2,10,NA,NA,NA,NA,NA
Holl,Hollywood's Bleeding by Post Malone,2,NA ,NA,2,1,2020,17,NA
HoSt,Homer Steinweiss,1,2,2,NA,NA,NA,NA,NA
hs,hs (JPN),1,NA,NA,NA,NA,NA,NA,NA
HSuz,H.Suzuki,1,NA,NA,NA,NA,NA,NA,NA
Hugh,Hugh Martin,1,2,2,NA,NA,NA,NA,NA
Huma,Human by Rag 'n' Bone Man,2,NA,NA,7,1,2017,NA,12
Humb,Humberto Gatica,1,2,10,NA,NA,NA,NA,NA
Hund,Hundred Plus,1,NA,NA,NA,NA,NA,NA,NA
HYDR,HYDRANT (JPN),1,NA,NA,NA,NA,NA,NA,NA
HYPE,HYPER SLIPPER,1,NA,NA,NA,NA,NA,NA,NA
IanK,Ian Kirkpatrick,1,2,2,NA,NA,NA,NA,NA
Icec,Icecream drum,1,NA,NA,NA,NA,NA,NA,NA
IDaP,IllaDaProducer,1,2,2,NA,NA,NA,NA,NA
iiSA,iiSAK (JPN),1,NA,NA,NA,NA,NA,NA,NA
Illa,Illangelo,1,2,7,NA,NA,NA,NA,NA
Ilse,Ilsey,1,1,2,NA,NA,NA,NA,NA
ILYA,ILYA,1,2,9,NA,NA,NA,NA,NA
Imog,Imogen Heap,1,1,1,NA,NA,NA,NA,NA
Infa,Infamous,1,2,2,NA,NA,NA,NA,NA
InTh,In The Lonely Hour by Sam Smith,2,NA,NA,7,1,2014,10,NA
InWr,Ina Wroldsen,1,1,10,NA,NA,NA,NA,NA
IrvingB,Irving Berlin,1,2,10,NA,NA,NA,NA,NA
IrvingW,Irving Wallman,1,NA,NA,NA,NA,NA,NA,NA
Ishu,Ishu,1,NA,NA,NA,NA,NA,NA,NA
Ivan,Ivan Jackson,1,2,2,NA,NA,NA,NA,NA
J.Fre,J. Fred Coots,1,2,2,NA,NA,NA,NA,NA
JaAn,Jack Antonoff,1,2,2,NA,NA,NA,NA,NA
JaBl,James Blake,1,2,1,NA,NA,NA,NA,NA
JaBo,Janez Boncina,1,2,10,NA,NA,NA,NA,NA
Jacknife,Jacknife Lee,1,2,10,NA,NA,NA,NA,NA
Jaco,Jacob Luttrell,1,2,NA,NA,NA,NA,NA,NA
Jada,Jadakiss,1,2,2,NA,NA,NA,NA,NA
JaFa,James Fauntleroy,1,2,2,NA,NA,NA,NA,NA
JaHa,Jamie Hartman,1,2,1,NA,NA,NA,NA,NA
JaHo,Jake Hooker,1,2,2,NA,NA,NA,NA,NA
JaJe,Jakob Jerlstroem,1,2,9,NA,NA,NA,NA,NA
Jame,James F Reynolds,1,2,1,NA,NA,NA,NA,NA
JamesBa,James Bauer-Mein,1,2,1,NA,NA,NA,NA,NA
JamesLo,James Lord Pierpont,1,2,2,NA,NA,NA,NA,NA
Jamiex,Jamie xx,1,2,1,NA,NA,NA,NA,NA
JannAr,Jann Arden,1,1,7,NA,NA,NA,NA,NA
JaSc,Jamie Scott,1,2,1,NA,NA,NA,NA,NA
JasonE,Jason Evigan,1,2,2,NA,NA,NA,NA,NA
JasonI,Jason Isbell,1,2,2,NA,NA,NA,NA,NA
JaSw,Jahaan Sweet,1,2,2,NA,NA,NA,NA,NA
JaTo,Jake Torrey,1,2,2,NA,NA,NA,NA,NA
JaVa,JaVale McGee,1,2,2,NA,NA,NA,NA,NA
JayLi,Jay Livingston,1,2,2,NA,NA,NA,NA,NA
Jayr,Jayrah Gibson,1,2,2,NA,NA,NA,NA,NA
JayW.J,Jay W. Johnson,1,2,2,NA,NA,NA,NA,NA
JAYZ,JAY-Z,1,2,2,NA,NA,NA,NA,NA
JBo,J-Bo,1,2,2,NA,NA,NA,NA,NA
JeAt,Jérôme Attal,1,2,5,NA,NA,NA,NA,NA
JeBh,Jeff Bhasker,1,2,2,NA,NA,NA,NA,NA
JeffBa,Jeff Barry,1,2,2,NA,NA,NA,NA,NA
JeffLy,Jeff Lynne,1,2,1,NA,NA,NA,NA,NA
JeffSi,Jeff Silverman,1,2,2,NA,NA,NA,NA,NA
JeMa,Jean Matyka,1,2,2,NA,NA,NA,NA,NA
Jepp,Jeppe Laursen,1,2,10,NA,NA,NA,NA,NA
JeRe,Jessie Reyez,1,1,7,NA,NA,NA,NA,NA
JeRu,Jeremy Ruzumna,1,2,2,NA,NA,NA,NA,NA
JeRv,Jeremy Reeves,1,2,2,NA,NA,NA,NA,NA
Jess,Jessie Lauren Foutz,1,1,2,NA,NA,NA,NA,NA
Jessi,Jessica Agombar,1,1,1,NA,NA,NA,NA,NA
JeWa,Jessie Ware,1,1,1,NA,NA,NA,NA,NA
JHar,JHart,1,2,1,NA,NA,NA,NA,NA
jhop,j-hope,1,2,10,NA,NA,NA,NA,NA
JHus,J Hus,1,2,1,NA,NA,NA,NA,NA
JiGi,Jimmy Giannos,1,2,2,NA,NA,NA,NA,NA
JimIr,Jim Irvin,1,2,1,NA,NA,NA,NA,NA
Jimi,Jimin (BTS),1,2,10,NA,NA,NA,NA,NA
Jimm,Jimmy Joker,1,2,10,NA,NA,NA,NA,NA
JimmieGr,Jimmie Grier,1,2,2,NA,NA,NA,NA,NA
JimmyVa,Jimmy Van Heusen,1,2,2,NA,NA,NA,NA,NA
JimVa,Jim Vallance,1,2,7,NA,NA,NA,NA,NA
JIN,JIN (BTS),1,2,10,NA,NA,NA,NA,NA
JiNa,Jimmy Napes,1,2,1,NA,NA,NA,NA,NA
JINB,JINBO,1,2,10,NA,NA,NA,NA,NA
JiWa,Jim Walters,1,2,2,NA,NA,NA,NA,NA
Joak,Joakim Björnberg,1,NA,NA,NA,NA,NA,NA,NA
JoanJa,Joan Javits,1,1,2,NA,NA,NA,NA,NA
JoanJe,Joan Jett,1,1,2,NA,NA,NA,NA,NA
JoCo,Jonny Coffer,1,2,1,NA,NA,NA,NA,NA
JoeA,Joe Alwyn,1,2,1,NA,NA,NA,NA,NA
JoeF,Joe Femi Griffith,1,NA,NA,NA,NA,NA,NA,NA
JoelLi,Joel Little,1,2,10,NA,NA,NA,NA,NA
JoeR,Joe Reeves,1,2,1,NA,NA,NA,NA,NA
JoeWa,Joe Walsh,1,2,2,NA,NA,NA,NA,NA
JoeyCh,Joey Chavez,1,2,2,NA,NA,NA,NA,NA
JoFl,Johnny Flippin,1,2,2,NA,NA,NA,NA,NA
JohanCa,Johan Carlsson,1,2,9,NA,NA,NA,NA,NA
JoHi,Jo Hill,1,1,1,NA,NA,NA,NA,NA
JohnD,John Deacon,1,2,1,NA,NA,NA,NA,NA
JohnFr,John Freeman Young,1,2,2,NA,NA,NA,NA,NA
JohnHe,John Henry Hopkins Jr.,1,2,2,NA,NA,NA,NA,NA
JohnHi,John Hill,1,2,2,NA,NA,NA,NA,NA
JohnL,John Lennon,1,2,1,NA,NA,NA,NA,NA
JohnLe,John Legend,1,2,2,NA,NA,NA,NA,NA
JohnMa,John Mayer,1,2,2,NA,NA,NA,NA,NA
JohnMe,John Meredith Wicks,1,2,2,NA,NA,NA,NA,NA
JohnnyMa,Johnny Marks,1,2,2,NA,NA,NA,NA,NA
JohnnyMc,Johnny McDaid,1,2,1,NA,NA,NA,NA,NA
JohnnyMo,Johnny Moore,1,2,2,NA,NA,NA,NA,NA
JohnnyRi,Johnny Richards,1,2,2,NA,NA,NA,NA,NA
JohnWi,John Wilson,1,2,2,NA,NA,NA,NA,NA
JohnWo,John Wold,1,NA,NA,NA,NA,NA,NA,NA
JoIn,Jon Ingoldsby,1,2,2,NA,NA,NA,NA,NA
JoLu,Joyner Lucas,1,2,2,NA,NA,NA,NA,NA
Jonatha,Jonatha Brooke,1,1,2,NA,NA,NA,NA,NA
JonBe,Jon Bellion,1,2,2,NA,NA,NA,NA,NA
JonHo,Jon Hopkins,1,2,1,NA,NA,NA,NA,NA
JonK,Jon Keep,1,2,1,NA,NA,NA,NA,NA
JonnyBu,Jonny Buckland,1,2,1,NA,NA,NA,NA,NA
JonnyGr,Jonny Griffen,1,2,1,NA,NA,NA,NA,NA
Jóns,Jónsi,1,2,10,NA,NA,NA,NA,NA
Jord,Jordan K. Johnson,1,2,2,NA,NA,NA,NA,NA
JordanUl,Jordan Ullman,1,2,7,NA,NA,NA,NA,NA
JoRy,John Ryan,1,2,2,NA,NA,NA,NA,NA
JoSc,Joe Scott,1,2,2,NA,NA,NA,NA,NA
Jose,Joseph Frierson,1,2,NA,NA,NA,NA,NA,NA
JoseF,José Feliciano,1,2,10,NA,NA,NA,NA,NA
JosefMy,Josef Myrow,1,2,10,NA,NA,NA,NA,NA
JosephMod,Joseph Modeliste,1,2,2,NA,NA,NA,NA,NA
JosephMoh,Joseph Mohr,1,2,10,NA,NA,NA,NA,NA
Josh,Joshua Lopez,1,2,NA,NA,NA,NA,NA,NA
JoshMo,Josh Mosser,1,2,NA,NA,NA,NA,NA,NA
JoshuaG,Joshua Gudwin,1,2,2,NA,NA,NA,NA,NA
JoshuaW,Joshua Williams,1,2,7,NA,NA,NA,NA,NA
JoYi,Jonathan Yip,1,2,2,NA,NA,NA,NA,NA
JPro,JProof,1,2,2,NA,NA,NA,NA,NA
JRCo,John Richard Cornwall,1,2,8,NA,NA,NA,NA,NA
JRoc,J-Roc,1,2,2,NA,NA,NA,NA,NA
JTCu,J.T. Cure,1,2,2,NA,NA,NA,NA,NA
JuBl,Just Blaze,1,2,2,NA,NA,NA,NA,NA
JuBu,Julian Bunetta,1,2,2,NA,NA,NA,NA,NA
Juic,Juicy J,1,2,2,NA,NA,NA,NA,NA
Jule,Jule Styne,1,2,1,NA,NA,NA,NA,NA
JulianCa,Julian Casablancas,1,2,2,NA,NA,NA,NA,NA
JuliaR,Julia Ross,1,1,2,NA,NA,NA,NA,NA
JulienAr,Julien Arias,1,2,5,NA,NA,NA,NA,NA
July,July Jones,1,1,1,NA,NA,NA,NA,NA
JuMi,Julia Michaels,1,1,2,NA,NA,NA,NA,NA
Jungk,Jung Kook,1,2,10,NA,NA,NA,NA,NA
Juni,Junior Jokinen,1,NA,NA,NA,NA,NA,NA,NA
JustinBi,Justin Bieber,1,2,7,NA,NA,NA,NA,NA
JustinPar,Justin Parker,1,2,1,NA,NA,NA,NA,NA
JustinPau,Justin Paul,1,2,2,NA,NA,NA,NA,NA
JustinTi,Justin Timberlake,1,2,2,NA,NA,NA,NA,NA
JustinTr,Justin Tranter,1,2,2,NA,NA,NA,NA,NA
JustinV,Justin Vernon,1,2,2,NA,NA,NA,NA,NA
JuT,J&T (JPN),1,2,10,NA,NA,NA,NA,NA
Juve,Juvenile,1,2,2,NA,NA,NA,NA,NA
Kaan,Kaan Günesberk,1,2,7,NA,NA,NA,NA,NA
KaLa,Katia Landreas,1,1,5,NA,NA,NA,NA,NA
Kami,Kamikaze by Eminem,2,NA,NA,2,1,2018,NA,13
KAMIL,KAMILLE,1,1,1,NA,NA,NA,NA,NA
Kand,Kandi,1,1,2,NA,NA,NA,NA,NA
Kany,Kanye West,1,2,2,NA,NA,NA,NA,NA
KASS,KASS,1,2,10,NA,NA,NA,NA,NA
Kath,Katherine Kennicott Davis,1,1,2,NA,NA,NA,NA,NA
KatyPe,Katy Perry,1,1,2,NA,NA,NA,NA,NA
Kave,Kaveh Rastegar,1,2,7,NA,NA,NA,NA,NA
Kayd,Kaydence,1,1,2,NA,NA,NA,NA,NA
KayGe,Kay Gee,1,2,2,NA,NA,NA,NA,NA
KAYT,KAYTRANADA,1,2,10,NA,NA,NA,NA,NA
KeBr,Kevin Briggs,1,2,2,NA,NA,NA,NA,NA
KeGo,Kevin Gomringer,1,2,10,NA,NA,NA,NA,NA
KeHe,Ken Hensley,1,2,1,NA,NA,NA,NA,NA
Kehl,Kehlani,1,1,2,NA,NA,NA,NA,NA
KeLa,Kendrick Lamar,1,2,2,NA,NA,NA,NA,NA
KellyCl,Kelly Clarkson,1,1,2,NA,NA,NA,NA,NA
KellyLu,Kelly Lumpkins,1,1,NA,NA,NA,NA,NA,NA
Kenn,Kennedi,1,1,2,NA,NA,NA,NA,NA
Keno,Ke'noe,1,2,2,NA,NA,NA,NA,NA
Kens,Kenshi Yonezu,1,2,10,NA,NA,NA,NA,NA
Kesi,Kesi Dryden,1,2,1,NA,NA,NA,NA,NA
Kevinbo,Kevin borg,1,2,10,NA,NA,NA,NA,NA
KevinCol,"Kevin ""Colione"" Crowe",1,2,2,NA,NA,NA,NA,NA
KevinCos,Kevin Cossom,1,2,2,NA,NA,NA,NA,NA
KevinMc,Kevin McCall,1,2,2,NA,NA,NA,NA,NA
KevinP,Kevin Parker,1,2,10,NA,NA,NA,NA,NA
KevinRa,Kevin Randolph,1,2,NA,NA,NA,NA,NA,NA
KeYW,KeY Wane,1,2,2,NA,NA,NA,NA,NA
Khal,Khalid,1,2,2,NA,NA,NA,NA,NA
KidC,Kid Culture,1,2,2,NA,NA,NA,NA,NA
KidH,Kid Harpoon,1,2,1,NA,NA,NA,NA,NA
KiGi,King Gizmo,1,2,2,NA,NA,NA,NA,NA
KimFo,Kim Fowley,1,2,2,NA,NA,NA,NA,NA
KimG,Kim Gannon,1,2,2,NA,NA,NA,NA,NA
Kita,Kitagawa Yujin,1,2,10,NA,NA,NA,NA,NA
Kjar,Kjartan Sveinsson,1,2,10,NA,NA,NA,NA,NA
Klas,Klas Åhlund,1,2,9,NA,NA,NA,NA,NA
KMag,24K Magic,2,NA,NA,7,1,2016,2017,9
Knan,K'naan,1,2,10,NA,NA,NA,NA,NA
Kohe,Kohei Ohkura,1,NA,NA,NA,NA,NA,NA,NA
Kohs,Kohsuke Oshima,1,2,10,NA,NA,NA,NA,NA
Koic,Koichiro Muroya,1,2,10,NA,NA,NA,NA,NA
Kont,Kontantin Scherer,1,2,3,NA,NA,NA,NA,NA
Kool,Kool Kojak,1,2,2,NA,NA,NA,NA,NA
Kosu,Kosuke Morimoto,1,2,10,NA,NA,NA,NA,NA
Kouj,Koji Makaino,1,2,10,NA,NA,NA,NA,NA
KOZ,KOZ,1,2,7,NA,NA,NA,NA,NA
Kris,Kristian Lundin,1,2,9,NA,NA,NA,NA,NA
KristenAn,Kristen Anderson-Lopez,1,1,2,NA,NA,NA,NA,NA
Krys,Krysta Youngs,1,1,2,NA,NA,NA,NA,NA
Labr,Labrinth,1,2,1,NA,NA,NA,NA,NA
LadyGa,Lady Gaga,1,1,2,NA,NA,NA,NA,NA
LaMa,LaMar Seymour,1,NA,NA,NA,NA,NA,NA,NA
Lana,Lana Del Rey,1,1,2,NA,NA,NA,NA,NA
LaNe,LaNelle Seymour,1,NA,NA,NA,NA,NA,NA,NA
LarryMi,Larry Mizell,1,2,2,NA,NA,NA,NA,NA
LaSm,Larry Smith,1,2,2,NA,NA,NA,NA,NA
LauraGi,Laura Giordano,1,1,NA,NA,NA,NA,NA,NA
LaurenC,Lauren Christy,1,1,1,NA,NA,NA,NA,NA
Laurence,Laurence Tolhurst,1,2,1,NA,NA,NA,NA,NA
Laxc,Laxcity,1,2,10,NA,NA,NA,NA,NA
LeeS,Lee Seu Ran,1,1,10,NA,NA,NA,NA,NA
Leig,Leigh Harline,1,2,2,NA,NA,NA,NA,NA
Lela,Leland,1,2,2,NA,NA,NA,NA,NA
LeMi,Leon Michels,1,2,2,NA,NA,NA,NA,NA
LeoNo,Leo Nocentelli,1,2,2,NA,NA,NA,NA,NA
Levi,Levi (KOR),1,NA,NA,NA,NA,NA,NA,NA
LeWh,Leland Whitty,1,2,7,NA,NA,NA,NA,NA
LiamPa,Liam Payne,1,2,1,NA,NA,NA,NA,NA
LiBa,Liam Bailey,1,2,1,NA,NA,NA,NA,NA
LiGo,Lisa Gomamoto,1,1,10,NA,NA,NA,NA,NA
LilB,Lil Baby,1,2,2,NA,NA,NA,NA,NA
LilD,Lil Dicky,1,2,2,NA,NA,NA,NA,NA
LilW,Lil Wayne,1,2,2,NA,NA,NA,NA,NA
Lily,Lily Allen,1,1,1,NA,NA,NA,NA,NA
Linde,Lindel Deon Nelson,1,NA,NA,NA,NA,NA,NA,NA
Lindy,Lindy Robbins,1,1,2,NA,NA,NA,NA,NA
LiOw,Liza Owen,1,1,1,NA,NA,NA,NA,NA
Livv,Livvi Franc,1,1,1,NA,NA,NA,NA,NA
LizRod,Liz Rodrigues,1,1,7,NA,NA,NA,NA,NA
LizRos,Liz Rose,1,1,2,NA,NA,NA,NA,NA
LLCJ,LL Cool J,1,2,2,NA,NA,NA,NA,NA
LMJr,Larry Mullen Jr.,1,2,10,NA,NA,NA,NA,NA
Loll,Lolly Vegas,1,2,2,NA,NA,NA,NA,NA
Lone,Lonestarrmuzik,1,2,2,NA,NA,NA,NA,NA
loph,lophiile,1,2,2,NA,NA,NA,NA,NA
Lord,Lord Burgess,1,2,2,NA,NA,NA,NA,NA
Lorde,Lorde,1,1,10,NA,NA,NA,NA,NA
lori,lori (JPN),1,NA,NA,NA,NA,NA,NA,NA
LoriM,Lori McKenna,1,1,2,NA,NA,NA,NA,NA
LosD,Los Da Mystro,1,2,2,NA,NA,NA,NA,NA
LouB,Lou Baxter,1,2,2,NA,NA,NA,NA,NA
Loud,Loud by Rihanna,2,NA,NA,1,1,2011,11,NA
Louig,Louiguy,1,2,4,NA,NA,NA,NA,NA
LouisBe,Louis Bell,1,2,2,NA,NA,NA,NA,NA
LouisTo,Louis Tomlinson,1,2,1,NA,NA,NA,NA,NA
Love,Lover by Taylor Swift,2,NA,NA,1,1,2019,18,NA
LP,LP,1,1,2,NA,NA,NA,NA,NA
Luda,Ludacris,1,2,2,NA,NA,NA,NA,NA
Ludw,Ludwig Lindell,1,2,9,NA,NA,NA,NA,NA
Luka,Lukas Nelson,1,2,2,NA,NA,NA,NA,NA
LuRa,Luther Rabb,1,2,2,NA,NA,NA,NA,NA
LuRe,Luis Resto,1,2,2,NA,NA,NA,NA,NA
LUTR,LUTRA,1,NA,NA,NA,NA,NA,NA,NA
Lyri,Lyrica Anderson,1,1,2,NA,NA,NA,NA,NA
LYSA,LOVE YOURSELF 'Answer' by BTS,2,NA,NA,11,6,2018,NA,26
LYST,LOVE YOURSELF 'Tear' by BTS,2,NA,NA,11,6,2018,NA,11
MaAc,Masta Ace,1,2,2,NA,NA,NA,NA,NA
MaAt,Maki Athanasiou,1,2,2,NA,NA,NA,NA,NA
MaBa,Marc Batson,1,2,2,NA,NA,NA,NA,NA
MackG,Mack Gordon,1,2,2,NA,NA,NA,NA,NA
MackM,Mack Maine,1,2,2,NA,NA,NA,NA,NA
MaCr,Mark Crew,1,2,1,NA,NA,NA,NA,NA
Made,Madeon,1,2,5,NA,NA,NA,NA,NA
MaDi,Matt Dike,1,2,2,NA,NA,NA,NA,NA
Maej,Maejor,1,2,2,NA,NA,NA,NA,NA
MaFr,Mannie Fresh,1,2,2,NA,NA,NA,NA,NA
Magn,Magnus Lidehäll,1,2,9,NA,NA,NA,NA,NA
MaJa,Matthew Jacobson,1,2,2,NA,NA,NA,NA,NA
Majid,Majid Al Maskati,1,2,7,NA,NA,NA,NA,NA
MaLa,Mattias Larsson,1,2,9,NA,NA,NA,NA,NA
MalcomYo,Malcolm Young,1,2,1,NA,NA,NA,NA,NA
Malo,Malory,1,2,10,NA,NA,NA,NA,NA
Mane,Maneesh,1,2,7,NA,NA,NA,NA,NA
MAPO,MAP OF THE SOUL: PERSONA by BTS,2,NA,NA,11,6,2019,7,NA
MAPOsev,MAP OF THE SOUL: 7 by BTS,2,NA,NA,11,6,2020,20,NA
MarcG,Marc Gay,1,2,2,NA,NA,NA,NA,NA
Marcos,Marcos Palacios,1,2,2,NA,NA,NA,NA,NA
MarcusMa,"Marcus ""Max"" Boyd",1,2,2,NA,NA,NA,NA,NA
MarcusMc,Marcus McCoan,1,2,1,NA,NA,NA,NA,NA
MarcusMu,Marcus Mumford,1,2,2,NA,NA,NA,NA,NA
MaRe,Mario Resto,1,2,10,NA,NA,NA,NA,NA
Mari,Mariya Takeuchi,1,1,10,NA,NA,NA,NA,NA
MariahC,Mariah Carey,1,1,2,NA,NA,NA,NA,NA
Mario,Mario Winans,1,2,2,NA,NA,NA,NA,NA
MarkJa,Mark James,1,2,2,NA,NA,NA,NA,NA
MarkN,Mark Nilan Jr.,1,2,2,NA,NA,NA,NA,NA
MarkR,Mark Ronson,1,2,1,NA,NA,NA,NA,NA
Mart,Martin Sjolie,1,2,10,NA,NA,NA,NA,NA
Mary,Mary Frierson,1,1,NA,NA,NA,NA,NA,NA
Masa,Masami Tozawa,1,NA,NA,NA,NA,NA,NA,NA
Masas,Masashi Ohtsuki,1,NA,NA,NA,NA,NA,NA,NA
MaTa,Matthew Tavares,1,2,7,NA,NA,NA,NA,NA
MaTi,Matthew Tishler,1,2,7,NA,NA,NA,NA,NA
Matt,Matt Squire,1,2,2,NA,NA,NA,NA,NA
MatthewDe,Matthew DelGiorno,1,2,NA,NA,NA,NA,NA,NA
MattPr,Matt Prime,1,2,1,NA,NA,NA,NA,NA
Matty,Matty Thomson,1,2,1,NA,NA,NA,NA,NA
MaxG,Max Grant,1,NA,NA,NA,NA,NA,NA,NA
MaxL,Max Lynedoch Graham,1,2,1,NA,NA,NA,NA,NA
MaxM,Max Martin,1,2,9,NA,NA,NA,NA,NA
MaxW,Max Wartell,1,NA,NA,NA,NA,NA,NA,NA
Mayn,Mayne Zane,1,2,2,NA,NA,NA,NA,NA
MCA,MCA,1,2,2,NA,NA,NA,NA,NA
MCJB,MC JB,1,NA,NA,NA,NA,NA,NA,NA
MdL,MdL,1,2,2,NA,NA,NA,NA,NA
Meek,Meek Mill,1,2,2,NA,NA,NA,NA,NA
MeJF,Melanie Joy Fontana,1,1,2,NA,NA,NA,NA,NA
MelT,Mel Tormé,1,2,2,NA,NA,NA,NA,NA
Melv,Melvin Hough,1,2,NA,NA,NA,NA,NA,NA
Mere,Meredith Willson,1,2,2,NA,NA,NA,NA,NA
Merr,"Merry Christmas, Baby by Rod Stewart",2,NA,NA,13,1,2012,13,NA
Meta,Metaphor (KOR),1,NA,NA,NA,NA,NA,NA,NA
Metr,Metro Boomin,1,2,2,NA,NA,NA,NA,NA
Mfms,MfmsiQ,1,NA,NA,NA,NA,NA,NA,NA
MiBu,Michael Burton,1,2,2,NA,NA,NA,NA,NA
Michael,"Michael ""Mikey"" Foster",1,2,2,NA,NA,NA,NA,NA
MichaelBu,Michael Bublé,1,2,7,NA,NA,NA,NA,NA
MichaelH,Michael Hutchence,1,2,10,NA,NA,NA,NA,NA
MichaelJa,Michael Jackson,1,2,2,NA,NA,NA,NA,NA
Michel,"Michel ""Lindgren"" Schulz",1,2,3,NA,NA,NA,NA,NA
Mick,Mick Schultz,1,2,2,NA,NA,NA,NA,NA
Midn,Midnight Memories by One Direction,2,NA,NA,1,1,2013,18,NA
Migu,Miguel,1,2,2,NA,NA,NA,NA,NA
MiHe,Mike Hector,1,2,2,NA,NA,NA,NA,NA
MiJe,Mick Jenkins,1,2,2,NA,NA,NA,NA,NA
MIKE,MIKE DEAN,1,2,2,NA,NA,NA,NA,NA
MikeAi,Mike Aiello,1,2,NA,NA,NA,NA,NA,NA
MikeCar,Mike Caren,1,2,2,NA,NA,NA,NA,NA
MikeDal,Mike Daly,1,2,2,NA,NA,NA,NA,NA
MikeJon,Mike Jones,1,2,2,NA,NA,NA,NA,NA
MikeM,Mike McTaggart,1,NA,NA,NA,NA,NA,NA,NA
MikePos,Mike Posner,1,2,2,NA,NA,NA,NA,NA
MikeSt,Mike Strange,1,2,2,NA,NA,NA,NA,NA
MikeWiL,Mike WiLL Made-It,1,2,2,NA,NA,NA,NA,NA
Mikke,Mikkel Storleer Eriksen,1,2,10,NA,NA,NA,NA,NA
Mikky,Mikky Ekko,1,2,2,NA,NA,NA,NA,NA
MiNe,Mike Needle,1,2,1,NA,NA,NA,NA,NA
Mios,Miossec,1,2,5,NA,NA,NA,NA,NA
MiRo,Mitch Rowland,1,2,2,NA,NA,NA,NA,NA
Mitchum,Mitchum Chin,1,2,10,NA,NA,NA,NA,NA
Mizz,Nizzy,1,2,1,NA,NA,NA,NA,NA
Mlay,Malay,1,2,2,NA,NA,NA,NA,NA
MLBr,Martin Luke Brown,1,2,1,NA,NA,NA,NA,NA
MMia,Mamma Mia Here We Go Again Original Motion Picture Soundtrack,2,NA,NA,12,1,2018,NA,18
MNEK,MNEK,1,2,1,NA,NA,NA,NA,NA
Moke,Mokeyzz,1,2,1,NA,NA,NA,NA,NA
MorM,MorMor,1,2,7,NA,NA,NA,NA,NA
Moze,Mozella,1,1,2,NA,NA,NA,NA,NA
Mpcl,Mon pays c est l amour bx Johnny Hallyday,2,NA,NA,10,4,2018,NA,11
MPha,M-Phazes,1,2,8,NA,NA,NA,NA,NA
MStB,Menahan Street Band,1,2,2,NA,NA,NA,NA,NA
MUSS,MUSSASHI,1,NA,NA,NA,NA,NA,NA,NA
Mylo,Mylo Xyloto by Coldplay,2,NA,NA,4,1,2011,14,NA
MyWi,Myles William,1,2,2,NA,NA,NA,NA,NA
NaPa,Nai Palm,1,1,8,NA,NA,NA,NA,NA
Nas,Nas,1,2,2,NA,NA,NA,NA,NA
Nasr,Nasri,1,2,7,NA,NA,NA,NA,NA
Nata,Natalie Hemby,1,1,2,NA,NA,NA,NA,NA
NateRu,Nate Ruess,1,2,2,NA,NA,NA,NA,NA
NathanC,Nathan Cassells,1,2,1,NA,NA,NA,NA,NA
NedW,Ned Washington,1,2,2,NA,NA,NA,NA,NA
Need,Needlz,1,2,2,NA,NA,NA,NA,NA
Neon,Neon Boy,1,NA,NA,NA,NA,NA,NA,NA
NeYo,Ne-Yo,1,2,2,NA,NA,NA,NA,NA
NiallHo,Niall Horan,1,2,1,NA,NA,NA,NA,NA
NickMa,Nick Mason,1,2,1,NA,NA,NA,NA,NA
NickMi,Nick Mira,1,2,2,NA,NA,NA,NA,NA
NickMon,Nick Monson,1,2,2,NA,NA,NA,NA,NA
NickMov,Nick Movshon,1,2,2,NA,NA,NA,NA,NA
NickolasAs,Nickolas Ashford,1,2,2,NA,NA,NA,NA,NA
NickTu,Nick Turpin,1,2,NA,NA,NA,NA,NA,NA
NickyR,Nicky Romero,1,2,10,NA,NA,NA,NA,NA
NicolasMe,Nicolas Mercier,1,2,5,NA,NA,NA,NA,NA
NiDu,Niamh Dunne,1,2,10,NA,NA,NA,NA,NA
Nigh,Night Visions by Imagina Dragons,2,NA,NA,5,1,2013,11,NA
NileRo,Nile Rodgers,1,2,2,NA,NA,NA,NA,NA
NiMi,Nicki Minaj,1,1,10,NA,NA,NA,NA,NA
Nine,Nineteen85,1,2,7,NA,NA,NA,NA,NA
Nius,Nius,1,2,5,NA,NA,NA,NA,NA
Nive,Nive,1,2,10,NA,NA,NA,NA,NA
Njom,Njomza,1,1,2,NA,NA,NA,NA,NA
NoAo,Norio Aono,1,2,10,NA,NA,NA,NA,NA
Nobb,Nobby,1,NA,NA,NA,NA,NA,NA,NA
NoCo,Noah Conrad,1,2,2,NA,NA,NA,NA,NA
NoI.D.,No I.D.,1,2,2,NA,NA,NA,NA,NA
Norm,Norman Greenbaum,1,2,2,NA,NA,NA,NA,NA
NosixC,No. 6 Collaborations Project by Ed Sheeran,2,NA,NA,1,1,2019,15,NA
Noti,Notinbed,1,NA,NA,NA,NA,NA,NA,NA
OAK,OAK,1,2,10,NA,NA,NA,NA,NA
Octo,Octobar (Kimono Co.),1,NA,NA,NA,NA,NA,NA,NA
OGRo,OG Rocker,1,NA,NA,NA,NA,NA,NA,NA
Olan,Olaniyi Akinkunmi,1,NA,NA,NA,NA,NA,NA,NA
OliverFr,Oliver Frank,1,NA,NA,NA,NA,NA,NA,NA
OliverR,Oliver Riedel,1,2,3,NA,NA,NA,NA,NA
OliverS,Oliver Sim,1,2,1,NA,NA,NA,NA,NA
Omen,Omen (Producer),1,2,2,NA,NA,NA,NA,NA
OnCu,OnCue,1,2,2,NA,NA,NA,NA,NA
Oneo,Oneohtrix Point Never,1,2,2,NA,NA,NA,NA,NA
ONHE,ONHEL,1,2,2,NA,NA,NA,NA,NA
OrGa,Orla Gartland,1,1,10,NA,NA,NA,NA,NA
Orri,Orri Páll Dýrason,1,2,10,NA,NA,NA,NA,NA
Orvi,Orville Mcwhinney,1,2,NA,NA,NA,NA,NA,NA
OscarH,Oscar Hammerstein II,1,2,2,NA,NA,NA,NA,NA
OsHo,Oscar Holter,1,2,9,NA,NA,NA,NA,NA
OvyO,Ovy On The Drums,1,2,10,NA,NA,NA,NA,NA
Owen,Owen Roberts,1,2,NA,NA,NA,NA,NA,NA
OZGO,OZGO,1,2,9,NA,NA,NA,NA,NA
Ozzy,Ozzy Osbourne,1,2,1,NA,NA,NA,NA,NA
P.Did,P. Diddy,1,2,2,NA,NA,NA,NA,NA
PaBe,Paul Bender,1,2,8,NA,NA,NA,NA,NA
pady,padyy (JPN),1,NA,NA,NA,NA,NA,NA,NA
Pard,Pardison Fontaine,1,2,2,NA,NA,NA,NA,NA
Park,Parker Ighile,1,2,1,NA,NA,NA,NA,NA
PaRo,Paul Rosenberg,1,2,2,NA,NA,NA,NA,NA
PatrickJQ,"Patrick ""J. Que"" Smith",1,2,2,NA,NA,NA,NA,NA
PatrickPe,Patrick Pentland,1,2,1,NA,NA,NA,NA,NA
PatrickSt,Patrick Stump,1,2,2,NA,NA,NA,NA,NA
PaulEp,Paul Epworth,1,2,1,NA,NA,NA,NA,NA
PaulJa,"Paul Jackson, Jr.",1,2,2,NA,NA,NA,NA,NA
PaulK,Paul Kennerley,1,2,1,NA,NA,NA,NA,NA
PaulL,Paul Landers,1,2,3,NA,NA,NA,NA,NA
PaulMc,Paul McCartney,1,2,1,NA,NA,NA,NA,NA
PaulMe,Paul Meehan,1,2,1,NA,NA,NA,NA,NA
Paulo,Paulo Londra,1,2,10,NA,NA,NA,NA,NA
PaulWi,Paul Williams,1,2,2,NA,NA,NA,NA,NA
PDBu,Pierre Dominique Burgaud,1,2,5,NA,NA,NA,NA,NA
PDog,PDogg,1,2,10,NA,NA,NA,NA,NA
PeMo,Perrin Moss,1,2,8,NA,NA,NA,NA,NA
Penn,Penny Foster,1,1,1,NA,NA,NA,NA,NA
Pete,Pete Kelleher,1,2,1,NA,NA,NA,NA,NA
PeterAl,Peter Allen,1,2,8,NA,NA,NA,NA,NA
PeterN,Peter Nord,1,2,9,NA,NA,NA,NA,NA
PeterSv,Peter Svensson,1,2,9,NA,NA,NA,NA,NA
PeterWa,Peter Wallevik,1,2,10,NA,NA,NA,NA,NA
PeUg,Pero Ugrin,1,2,10,NA,NA,NA,NA,NA
Phar,Pharrell Williams,1,2,2,NA,NA,NA,NA,NA
Phil,Phil Beaudreau,1,2,2,NA,NA,NA,NA,NA
PhilipS,Philip Springer,1,2,2,NA,NA,NA,NA,NA
PhilSp,Phil Spector,1,2,2,NA,NA,NA,NA,NA
PhLa,Philip Lawrence,1,2,2,NA,NA,NA,NA,NA
Phre,Phredley Brown,1,2,2,NA,NA,NA,NA,NA
Pier,Piers Agget,1,2,1,NA,NA,NA,NA,NA
PiJo,Pierre Jouishomme,1,2,5,NA,NA,NA,NA,NA
Pink,P!nk,1,1,2,NA,NA,NA,NA,NA
Pinky,Pinky Tomlin,1,2,2,NA,NA,NA,NA,NA
Pipp,Pippi Svensson,1,NA,NA,NA,NA,NA,NA,NA
PJTe,Phillip James Terry,1,2,2,NA,NA,NA,NA,NA
Plus,Pluss,1,2,2,NA,NA,NA,NA,NA
PMD,PMD,1,2,2,NA,NA,NA,NA,NA
PnBR,PnB Rock,1,2,2,NA,NA,NA,NA,NA
PoBe,Poo Bear,1,2,2,NA,NA,NA,NA,NA
Polin,POLINA,1,1,10,NA,NA,NA,NA,NA
Polly,Polly Samson,1,1,1,NA,NA,NA,NA,NA
Polo,Polow da Don,1,2,2,NA,NA,NA,NA,NA
PopW,Pop Wansel,1,2,2,NA,NA,NA,NA,NA
Porc,Porcelain Black,1,1,2,NA,NA,NA,NA,NA
Porl,Porl Thompson,1,2,1,NA,NA,NA,NA,NA
Post,Post Malone,1,2,2,NA,NA,NA,NA,NA
Prin,Printz Board,1,2,2,NA,NA,NA,NA,NA
Princ,Prince 85,1,NA,NA,NA,NA,NA,NA,NA
Pris,Prism by Katy Perry,2,NA,NA,1,1,2013,16,NA
Prisc,Priscilla Renea,1,1,2,NA,NA,NA,NA,NA
Pure,Pure Heroine by Lorde,2,NA,NA,1,1,2014,10,NA
PYLe,Pierre Yves Lebert,1,2,5,NA,NA,NA,NA,NA
QQ,QQ,1,NA,NA,NA,NA,NA,NA,NA
Quav,Quavo,1,2,2,NA,NA,NA,NA,NA
RABO,RAT BOY,1,2,1,NA,NA,NA,NA,NA
RaCh,Ra Charm,1,2,2,NA,NA,NA,NA,NA
RalphB,Ralph Blane,1,2,2,NA,NA,NA,NA,NA
Rami,Rami,1,2,9,NA,NA,NA,NA,NA
Ramm,Rammstein by Rammstein,2,NA,NA,9,2,2019,11,NA
Ranc,Rance,1,2,2,NA,NA,NA,NA,NA
Rand,Random Access Memories by Daft Punk,2,NA,NA,6,1,2013,14,NA
Randy,Randy Runyon,1,NA,NA,NA,NA,NA,NA,NA
RandyNe,Randy Newman,1,2,2,NA,NA,NA,NA,NA
Rans,Ransom,1,2,2,NA,NA,NA,NA,NA
RaRo,Ray Romulus,1,2,2,NA,NA,NA,NA,NA
RayE,Ray Evans,1,2,2,NA,NA,NA,NA,NA
RayM,Ray Murray,1,NA,2,NA,NA,NA,NA,NA
RayR,Rey Reel,1,2,2,NA,NA,NA,NA,NA
Redb,Red by Taylor Swift,2,NA,NA,8,1,2012,16,NA
RedO,RedOne,1,2,10,NA,NA,NA,NA,NA
ReJa,Reuben James,1,2,1,NA,NA,NA,NA,NA
repu,reputation by Taylor Swift,2,NA,NA,1,1,2017,NA,15
ReRu,Rev Run,1,2,2,NA,NA,NA,NA,NA
ReSp,Regina Spektor,1,1,10,NA,NA,NA,NA,NA
Revi,Revival by Eminem,2,NA,NA,2,1,2017,NA,19
Rich,Richelle Alleyne,1,1,7,NA,NA,NA,NA,NA
RichardB,Richard B. Smith,1,2,2,NA,NA,NA,NA,NA
RichardR,Richard Rodgers,1,2,2,NA,NA,NA,NA,NA
RichardWr,Richard Wright,1,2,1,NA,NA,NA,NA,NA
RichardZ,Richard Z. Kruspe,1,2,3,NA,NA,NA,NA,NA
Rick,Ricky Reed,1,2,2,NA,NA,NA,NA,NA
RickCu,Rick Cunningham,1,NA,NA,NA,NA,NA,NA,NA
RickNo,Rick Nowels,1,2,2,NA,NA,NA,NA,NA
RickRo,Rick Ross,1,2,2,NA,NA,NA,NA,NA
RickRu,Rick Rubin,1,2,2,NA,NA,NA,NA,NA
Rico,Rico Wade,1,2,2,NA,NA,NA,NA,NA
RiFa,Richard Fairbrass,1,2,1,NA,NA,NA,NA,NA
Riha,Rihanna,1,1,10,NA,NA,NA,NA,NA
Ring,Ringo Starr,1,2,1,NA,NA,NA,NA,NA
RiRI,Ricci Riera,1,2,2,NA,NA,NA,NA,NA
Rive,Rivelino,1,NA,NA,NA,NA,NA,NA,NA
RiWe,Ricky West,1,2,2,NA,NA,NA,NA,NA
RKel,R. Kelly,1,2,2,NA,NA,NA,NA,NA
RM,RM,1,2,10,NA,NA,NA,NA,NA
RMDJ,Ray Michael Djan Jr,1,2,1,NA,NA,NA,NA,NA
RnBM,Rag 'n' Bone Man,1,2,1,NA,NA,NA,NA,NA
RNUF,"Ron ""NEFF-U"" Feemster",1,2,2,NA,NA,NA,NA,NA
RobertBu,Robert Burns,1,2,1,NA,NA,NA,NA,NA
RobertLo,Robert Lopez,1,2,2,NA,NA,NA,NA,NA
RobertSm,Robert Smith,1,2,1,NA,NA,NA,NA,NA
RobertWe,Robert Wells,1,2,2,NA,NA,NA,NA,NA
RobHo,Rob Holladay,1,2,2,NA,NA,NA,NA,NA
RobinGi,Robin Gibb,1,2,1,NA,NA,NA,NA,NA
RobKn,Rob Knox,1,2,2,NA,NA,NA,NA,NA
RobSw,Rob Swire,1,2,8,NA,NA,NA,NA,NA
RoCa,Roman Campolo,1,2,2,NA,NA,NA,NA,NA
Rock,Rock or Bust by AC/DC,2,NA,NA,4,1,2014,11,NA
RodAr,Rod Argent,1,2,1,NA,NA,NA,NA,NA
Rodn,Rodney Jerkins,1,2,2,NA,NA,NA,NA,NA
RodS,Rod Stewart,1,2,1,NA,NA,NA,NA,NA
RoFr,Robin Fredriksson,1,2,9,NA,NA,NA,NA,NA
Roger,Roger O'Donell,1,2,1,NA,NA,NA,NA,NA
Roge,Roger Taylor,1,2,1,NA,NA,NA,NA,NA
RoKB,"Robert ""Kool"" Bell",1,2,2,NA,NA,NA,NA,NA
RoMa,Rob Manzoli,1,2,1,NA,NA,NA,NA,NA
Roman,Roman Campolo,1,2,2,NA,NA,NA,NA,NA
Romy,Romy,1,1,1,NA,NA,NA,NA,NA
RonJ,Ronny J,1,2,2,NA,NA,NA,NA,NA
Roqu,Roquel “Billy” Davis,1,2,2,NA,NA,NA,NA,NA
RoSM,Robert Spike Mickens,1,2,2,NA,NA,NA,NA,NA
RoSp,Rollo Spreckley,1,2,1,NA,NA,NA,NA,NA
Ross,Ross Golan,1,2,2,NA,NA,NA,NA,NA
RoTr,Roger Troutman,1,2,2,NA,NA,NA,NA,NA
Royc,"Royce da 5'9""",1,2,2,NA,NA,NA,NA,NA
RoyceH,Royce.H,1,NA,NA,NA,NA,NA,NA,NA
RUCC,RUCCA,1,NA,NA,NA,NA,NA,NA,NA
Rupe,Rupert Holmes,1,2,2,NA,NA,NA,NA,NA
RuthAn,RuthAnne,1,1,10,NA,NA,NA,NA,NA
Ruut,Ruuth,1,1,3,NA,NA,NA,NA,NA
Ryan,Ryan Lawrie,1,2,1,NA,NA,NA,NA,NA
RyLe,Ryan Lewis,1,2,2,NA,NA,NA,NA,NA
RyNa,Ryan Nasci,1,2,2,NA,NA,NA,NA,NA
RyTe,Ryan Tedder,1,2,2,NA,NA,NA,NA,NA
Sach,Sacha Skarbek,1,2,1,NA,NA,NA,NA,NA
SaDe,Sam Dew,1,2,2,NA,NA,NA,NA,NA
SaHa,Samantha Harper,1,1,1,NA,NA,NA,NA,NA
Sain,Saint Cassius,1,2,2,NA,NA,NA,NA,NA
SaKl,Sam Klempner,1,2,1,NA,NA,NA,NA,NA
SAKP,SAK PASE,1,2,2,NA,NA,NA,NA,NA
SAKR,SAKRA,1,NA,NA,NA,NA,NA,NA,NA
SamH,Sam Harris,1,2,2,NA,NA,NA,NA,NA
SamHo,Sam Hollander,1,2,2,NA,NA,NA,NA,NA
Samm,Sammy Witte,1,NA,NA,NA,NA,NA,NA,NA
SammyC,Sammy Cahn,1,2,2,NA,NA,NA,NA,NA
SamSm,Sam Smith,1,3,1,NA,NA,NA,NA,NA
SAMU,Samuel Waermö,1,2,9,NA,NA,NA,NA,NA
Sand,Sandy Vee,1,2,5,NA,NA,NA,NA,NA
SarahHu,Sarah Hudson,1,1,2,NA,NA,NA,NA,NA
SarahJa,Sarah Jaffe,1,1,2,NA,NA,NA,NA,NA
Sash,Sasha Sirota,1,2,2,NA,NA,NA,NA,NA
Sava,Savan Kotecha,1,2,2,NA,NA,NA,NA,NA
SawA,Saw Arrow,1,NA,NA,NA,NA,NA,NA,NA
Sawar,Sawara Kouta,1,NA,NA,NA,NA,NA,NA,NA
SBoi,Supreme Boi,1,2,10,NA,NA,NA,NA,NA
Scho,Schoolly D,1,2,2,NA,NA,NA,NA,NA
ScJo,Scram Jones,1,2,2,NA,NA,NA,NA,NA
Scoo,Scootie,1,2,2,NA,NA,NA,NA,NA
Scot,Scott Spock,1,2,2,NA,NA,NA,NA,NA
ScottyWi,Scotty Wiseman,1,2,2,NA,NA,NA,NA,NA
Sean,Sean D,1,NA,NA,NA,NA,NA,NA,NA
seventhA,7th Avenue,1,NA,NA,NA,NA,NA,NA,NA
SGLe,SG Lewis,1,2,1,NA,NA,NA,NA,NA
Shak,Shakka Philip,1,2,1,NA,NA,NA,NA,NA
Shel,Shellback,1,2,9,NA,NA,NA,NA,NA
Shep,Shep Solomon,1,2,2,NA,NA,NA,NA,NA
Shin,Shin Tanimoto,1,NA,NA,NA,NA,NA,NA,NA
Shing,Shingo Asari,1,2,10,NA,NA,NA,NA,NA
Shinno,Shinnosuke (buzz-Vibes),1,2,10,NA,NA,NA,NA,NA
Shon,Shontelle,1,1,10,NA,NA,NA,NA,NA
ShoS,Sho Sakurai,1,2,10,NA,NA,NA,NA,NA
SHUN,SHUN (JPN),1,2,10,NA,NA,NA,NA,NA
SHUY,SHUYA,1,2,NA,NA,NA,NA,NA,NA
Shyn,Shyne,1,2,10,NA,NA,NA,NA,NA
Sia,Sia,1,1,8,NA,NA,NA,NA,NA
SiMa,Simon Mavin,1,2,8,NA,NA,NA,NA,NA
Simo,Simon Janlöv,1,2,9,NA,NA,NA,NA,NA
SimonAl,Simon Aldred,1,2,1,NA,NA,NA,NA,NA
SimonGa,Simon Gallup,1,2,1,NA,NA,NA,NA,NA
SINU,SIN/UNITe,1,NA,NA,NA,NA,NA,NA,NA
SirN,Sir Nolan,1,2,2,NA,NA,NA,NA,NA
SJKy,Song Jae Kyung,1,2,10,NA,NA,NA,NA,NA
Skri,Skrillex,1,2,2,NA,NA,NA,NA,NA
Skyl,Skylar Grey,1,1,2,NA,NA,NA,NA,NA
Slee,Sleepy Brown,1,2,2,NA,NA,NA,NA,NA
Sleep,Sleep Deez,1,2,2,NA,NA,NA,NA,NA
Slic,Slick Rick,1,2,2,NA,NA,NA,NA,NA
Smok,Smokey Robinson,1,2,2,NA,NA,NA,NA,NA
SMSu,Shin Myeong Su,1,2,10,NA,NA,NA,NA,NA
Sniz,Snizzy,1,NA,NA,NA,NA,NA,NA,NA
SoEx,Songs of Experience by U2,2,NA,NA,4,1,2017,NA,13
SoFL,SoFLY,1,2,5,NA,NA,NA,NA,NA
Solu,Soluna (JPN),1,NA,NA,NA,NA,NA,NA,NA
Sone,S1,1,2,2,NA,NA,NA,NA,NA
Sool,Sool Got Hits,1,2,NA,NA,NA,NA,NA,NA
Sosa,Candace Sosa,1,1,2,NA,NA,NA,NA,NA
Soundz,Soundz,1,2,2,NA,NA,NA,NA,NA
Sounw,Sounwave,1,2,2,NA,NA,NA,NA,NA
SPag,S. Pages Mehner,1,NA,NA,NA,NA,NA,NA,NA
SQUA,SQUAREF,1,NA,NA,NA,NA,NA,NA,NA
SRab,Slow Rabbit,1,2,10,NA,NA,NA,NA,NA
Stac,Stacy Barthe,1,1,2,NA,NA,NA,NA,NA
StAn,Stig Anderson,1,2,9,NA,NA,NA,NA,NA
StanVi,Stan Vincent,1,2,2,NA,NA,NA,NA,NA
Stat,Static Major,1,2,2,NA,NA,NA,NA,NA
StEa,Steve Earle,1,2,2,NA,NA,NA,NA,NA
Stef,Stefan Johnson,1,2,2,NA,NA,NA,NA,NA
Stell,Stella Jang,1,1,10,NA,NA,NA,NA,NA
StephenHa,Stephen Hacker,1,2,NA,NA,NA,NA,NA,NA
ster,stereograph (JPN),1,NA,10,NA,NA,NA,NA,NA
SteveDa,Steve Daly,1,2,1,NA,NA,NA,NA,NA
SteveGu,Steve Guess,1,2,NA,NA,NA,NA,NA,NA
SteveMa,Steve Mac,1,2,1,NA,NA,NA,NA,NA
SteveNe,Steve Nelson,1,2,2,NA,NA,NA,NA,NA
StevenSa,Steven Sater,1,2,2,NA,NA,NA,NA,NA
SteveRo,Steve Robson,1,2,1,NA,NA,NA,NA,NA
SteveWy,Steve Wyreman,1,2,NA,NA,NA,NA,NA,NA
StGr,Stan Graham,1,2,2,NA,NA,NA,NA,NA
StLa,Steve Lacy,1,2,2,NA,NA,NA,NA,NA
STnk,S-Tnk,1,NA,NA,NA,NA,NA,NA,NA
Stor,Stormzy,1,2,1,NA,NA,NA,NA,NA
STRA,STRAY SHEEP by Kenshi Yonezu,2,NA,NA,12,6,2020,15,NA
STRE,STREETRUNNER,1,2,2,NA,NA,NA,NA,NA
StVi,St. Vincent,1,1,2,NA,NA,NA,NA,NA
SUGA,SUGA,1,2,10,NA,NA,NA,NA,NA
SugaBTS,Suga (BTS),1,2,10,NA,NA,NA,NA,NA
SugaS,Suga Shikao,1,2,10,NA,NA,NA,NA,NA
Summ,Summer Walker,1,2,2,NA,NA,NA,NA,NA
SunR,Sun Ra,1,2,2,NA,NA,NA,NA,NA
Supa,Supa Dups,1,2,10,NA,NA,NA,NA,NA
Swae,Swae Lee,1,2,2,NA,NA,NA,NA,NA
SwAl,Swish Allnet,1,2,2,NA,NA,NA,NA,NA
SZA,SZA,1,1,2,NA,NA,NA,NA,NA
Tada,Tada Shinya,1,2,10,NA,NA,NA,NA,NA
Tain,Tainy,1,2,10,NA,NA,NA,NA,NA
Taka,Takashi Miura,1,2,10,NA,NA,NA,NA,NA
Take,Take Me Home by One Direction,2,NA,NA,1,1,2012,13,NA
Takehi,Takehiko Iida,1,2,10,NA,NA,NA,NA,NA
TAKES,TAKESHI (bewiN),1,2,10,NA,NA,NA,NA,NA
Takesh,Takeshi Aida,1,2,10,NA,NA,NA,NA,NA
Taku,Taku Yoshioka,1,2,10,NA,NA,NA,NA,NA
Takuy,Takuya Harada,1,NA,NA,NA,NA,NA,NA,NA
Talk,Talk That Talk by Rihanna,2,NA,NA,1,1,2011,11,NA
Tats,Tatsuro Yamashita,1,2,10,NA,NA,NA,NA,NA
TayKe,Tay Keith,1,2,2,NA,NA,NA,NA,NA
Tayl,Taylor Swift,1,1,2,NA,NA,NA,NA,NA
Tayla,Tayla Parx,1,1,2,NA,NA,NA,NA,NA
TBHi,TBHits,1,2,2,NA,NA,NA,NA,NA
Tcha,Tchami,1,2,5,NA,NA,NA,NA,NA
Tebe,Tebey,1,2,7,NA,NA,NA,NA,NA
Tech,Tech N9ne,1,2,2,NA,NA,NA,NA,NA
Tedd,Teddy Geiger,1,1,2,NA,NA,NA,NA,NA
TedDw,Ted Dwane,1,2,1,NA,NA,NA,NA,NA
TeddyS,Teddy Sky,1,2,10,NA,NA,NA,NA,NA
TeMa,Terrace Martin,1,2,2,NA,NA,NA,NA,NA
Terr,Terrance Stubbs,1,2,2,NA,NA,NA,NA,NA
TeWa,Teddy Walton,1,2,2,NA,NA,NA,NA,NA
TGrS,The Greatest Showman Original Motion Picture Soundtrack,2,NA,NA,12,1,2018,NA,22
ThaC,Tha Carter IV by Lil Wayne,2,NA,NA,2,1,2011,15,NA
Than,"Thank u, next by Ariana Grande",2,NA,NA,1,2,2019,12,NA
ThBr,Thomas Brenneck,1,2,2,NA,NA,NA,NA,NA
The2,The 20/20 Experience by Justin Timberlake,2,NA,NA,1,1,2013,12,NA
TheAl,The Alchemist,1,2,2,NA,NA,NA,NA,NA
TheDr,The-Dream,1,2,2,NA,NA,NA,NA,NA
TheE,The Endless River by Pink Floyd,2,NA,NA,4,1,2014,18,NA
TheEdg,The Edge,1,2,10,NA,NA,NA,NA,NA
TheK,The KristoMan,1,2,10,NA,NA,NA,NA,NA
TheM,The Marshall Mathers LP2 by Eminem,2,NA,NA,2,1,2013,16,NA
TheNo,The Notorious B.I.G,1,2,2,NA,NA,NA,NA,NA
Ther,Theron Thomas,1,2,2,NA,NA,NA,NA,NA
TheT,The Truth About Love by P!nk,2,NA,NA,1,1,2012,13,NA
TheW,The Weeknd,1,2,7,NA,NA,NA,NA,NA
Thom,Thomas Bangalter,1,2,5,NA,NA,NA,NA,NA
TI,T.I.,1,2,2,NA,NA,NA,NA,NA
TiGo,Tim Gomringer,1,2,10,NA,NA,NA,NA,NA
TiJa,Tim James,1,2,2,NA,NA,NA,NA,NA
Till,Till Lindermann,1,2,3,NA,NA,NA,NA,NA
Timb,Timbaland,1,2,2,NA,NA,NA,NA,NA
TimLa,Tim Larcombe,1,2,1,NA,NA,NA,NA,NA
TimMi,Tim Miner,1,2,2,NA,NA,NA,NA,NA
TimothyT,Timothy Thomas,1,2,2,NA,NA,NA,NA,NA
TimS,Tim Staffell,1,2,1,NA,NA,NA,NA,NA
TIPu,Two Inch Punch,1,2,1,NA,NA,NA,NA,NA
TiSu,Tim Suby,1,2,2,NA,NA,NA,NA,NA
TJJr,Tobias Jesso Jr.,1,2,7,NA,NA,NA,NA,NA
TLJr,Trevor Lawrence Jr,1,2,2,NA,NA,NA,NA,NA
TMin,T-Minus,1,2,7,NA,NA,NA,NA,NA
ToBe,To Be Loved by Michael Bublé,2,NA,NA,1,1,2013,14,NA
TobyG,Toby Gad,1,2,3,NA,NA,NA,NA,NA
TobySm,Toby Smith,1,2,1,NA,NA,NA,NA,NA
ToCh,Tommy Chong,1,2,2,NA,NA,NA,NA,NA
ToDa,Top Dawg,1,2,2,NA,NA,NA,NA,NA
ToddEd,Todd Edwards,1,2,2,NA,NA,NA,NA,NA
ToIA,The Thrill of It All by Sam Smith,2,NA,NA,1,1,2017,NA,10
TomB,Tom Barnes,1,2,1,NA,NA,NA,NA,NA
TomFl,Tom Fletcher,1,2,1,NA,NA,NA,NA,NA
TomJa,Tom Jackson,1,2,7,NA,NA,NA,NA,NA
TomMe,Tom Meredith,1,2,NA,NA,NA,NA,NA,NA
TommyLe,Tommy Lee James,1,2,2,NA,NA,NA,NA,NA
TommyP.G,Tommy P. Gregersen,1,2,NA,NA,NA,NA,NA,NA
TommyPa,Tommy Parker,1,2,2,NA,NA,NA,NA,NA
TomPe,Tom Petty,1,2,2,NA,NA,NA,NA,NA
TomS,Tom Strahle,1,2,NA,NA,NA,NA,NA,NA
TomW,Tom Wiklund,1,NA,NA,NA,NA,NA,NA,NA
Tony,Tony Springer,1,2,10,NA,NA,NA,NA,NA
TonyMi,Tony Mitchell,1,2,8,NA,NA,NA,NA,NA
TooSh,TooShort,1,2,2,NA,NA,NA,NA,NA
TorE,Tor Erik Hermansen,1,2,10,NA,NA,NA,NA,NA
ToSt,Tom Sturges,1,2,5,NA,NA,NA,NA,NA
Tour,Tourist,1,2,1,NA,NA,NA,NA,NA
Tove,Tove Lo,1,1,9,NA,NA,NA,NA,NA
TPai,T-Pain,1,2,2,NA,NA,NA,NA,NA
Trac,Traci Hale,1,1,2,NA,NA,NA,NA,NA
Trav,Travis Sayles,1,2,NA,NA,NA,NA,NA,NA
Travish,Tavish Graham,1,NA,NA,NA,NA,NA,NA,NA
TravisSc,Travis Scott,1,2,2,NA,NA,NA,NA,NA
Trea,Treach,1,2,2,NA,NA,NA,NA,NA
Tric,Tricky Stewart,1,2,2,NA,NA,NA,NA,NA
Troy,Troye Sivan,1,2,10,NA,NA,NA,NA,NA
TSUK,TSUKASA,1,NA,NA,NA,NA,NA,NA,NA
TTHa,"Tameka ""Tiny"" Harris",1,1,2,NA,NA,NA,NA,NA
Tush,Tushar Apte,1,2,8,NA,NA,NA,NA,NA
Twis,Twista,1,2,2,NA,NA,NA,NA,NA
TyJo,Tyler Johnson,1,2,2,NA,NA,NA,NA,NA
TyKe,Tyrone Kelsie,1,1,2,NA,NA,NA,NA,NA
TylerA,Tyler Armes,1,2,2,NA,NA,NA,NA,NA
Unap,Unapologetic by Rihanna,2,NA,NA,1,1,2012,14,NA
Unde,Under the Mistletoe by Justin Bieber,2,NA,NA,13,1,2011,11,NA
Unor,Unorthodox Jukebox by Bruno Mars,2,NA,NA,1,1,2013,10,NA
UpAl,Up All Night by One Direction,2,NA,NA,1,1,2012,13,NA
UPSA,UPSAHL,1,1,2,NA,NA,NA,NA,NA
Ursu,Ursula Yancy,1,2,2,NA,NA,NA,NA,NA
V,V (BTS),1,2,10,NA,NA,NA,NA,NA
ValB,Val Blatvatnik,1,NA,NA,NA,NA,NA,NA,NA
ValerieSi,Valerie Simpson,1,1,2,NA,NA,NA,NA,NA
Vict,Victoria Monét,1,1,2,NA,NA,NA,NA,NA
Vinc,Vincent Stein (Beatzarre),1,2,3,NA,NA,NA,NA,NA
Vince,Vince Nantes,1,2,2,NA,NA,NA,NA,NA
VincentPo,Vincent Pontare,1,2,9,NA,NA,NA,NA,NA
Vinn,Vinny Venditto,1,2,2,NA,NA,NA,NA,NA
VinRo,Vin Rock,1,2,2,NA,NA,NA,NA,NA
Viny,Vinylz,1,2,2,NA,NA,NA,NA,NA
Vory,Vory,1,2,2,NA,NA,NA,NA,NA
WallyBr,Wally Bryson,1,2,2,NA,NA,NA,NA,NA
WalterAf,Walter Afanasieff,1,2,10,NA,NA,NA,NA,NA
WalterKe,Walter Kent,1,2,2,NA,NA,NA,NA,NA
WalterMu,Walter Murphy,1,2,2,NA,NA,NA,NA,NA
WalterRo,Walter Rollins,1,2,2,NA,NA,NA,NA,NA
watt,watt,1,2,2,NA,NA,NA,NA,NA
WayneHe,Wayne Hector,1,2,1,NA,NA,NA,NA,NA
WayneSe,Wayne Sermon,1,2,2,NA,NA,NA,NA,NA
Wend,Wendy Rene,1,1,1,NA,NA,NA,NA,NA
WHEN,"WHEN WE ALL FALL ASLEEP, WHERE DO WE GO?",2,NA,NA,5,1,2019,14,2020
Will,Wille Erik Hugo Tannergard,1,NA,NA,NA,NA,NA,NA,NA
WillCh,Will Champion,1,2,1,NA,NA,NA,NA,NA
william,will i am,1,2,2,NA,NA,NA,NA,NA
WilliamAt,William Attaway,1,2,2,NA,NA,NA,NA,NA
WillyWi,Willy Will,1,2,2,NA,NA,NA,NA,NA
Wins,Winston Marshall,1,2,1,NA,NA,NA,NA,NA
Wolf,Wolfgang Düren,1,2,3,NA,NA,NA,NA,NA
Wonder,9th Wonder,1,2,2,NA,NA,NA,NA,NA
wond,wonder note (JPN),1,NA,NA,NA,NA,NA,NA,NA
Wonde,Wonderland,1,NA,NA,NA,NA,NA,NA,NA
x,x by Ed Sheeran,2,NA,NA,1,1,2014,12,NA
YEBB,YEBBA,1,1,2,NA,NA,NA,NA,NA
Yode,Yodelice,1,2,5,NA,NA,NA,NA,NA
YoGu,Yoon Guitar,1,2,10,NA,NA,NA,NA,NA
Yoji,Yoji Kubota,1,2,10,NA,NA,NA,NA,NA
Yojir,Yojiro Noda,1,2,10,NA,NA,NA,NA,NA
YoMC,Young MC,1,2,1,NA,NA,NA,NA,NA
Yosh,Yoshitaka Taira,1,2,10,NA,NA,NA,NA,NA
YoungFy,Young Fyre,1,2,2,NA,NA,NA,NA,NA
YoungTh,Young Thug,1,2,2,NA,NA,NA,NA,NA
Yout,Youth case,1,NA,NA,NA,NA,NA,NA,NA
youw,youwhich,1,2,10,NA,NA,NA,NA,NA
YuEx,Yung Exclusive,1,2,2,NA,NA,NA,NA,NA
YuNa,Yukimi Nagano,1,1,9,NA,NA,NA,NA,NA
Yung,Yung Ladd,1,2,2,NA,NA,NA,NA,NA
Yusu,Yusuke Kato,1,2,10,NA,NA,NA,NA,NA
Yuta,Yuta Bandoh,1,2,10,NA,NA,NA,NA,NA
YuYa,Yutaka Yamada,1,2,10,NA,NA,NA,NA,NA
Zaca,Zacari,1,2,2,NA,NA,NA,NA,NA
ZAYN,ZAYN,1,2,1,NA,NA,NA,NA,NA
Zedd,Zedd,1,2,10,NA,NA,NA,NA,NA